month,prob,commodity,model,horizon,label
2016-01,0.2232842775558885,cotton,clf_logit,3,0
2016-02,0.31029864482881325,cotton,clf_logit,3,0
2016-03,0.2513552936221985,cotton,clf_logit,3,1
2016-04,0.36998693012990674,cotton,clf_logit,3,1
2016-05,0.29334426207854625,cotton,clf_logit,3,1
2016-06,0.31547069740570144,cotton,clf_logit,3,0
2016-07,0.3382423209733635,cotton,clf_logit,3,0
2016-08,0.35239850037725967,cotton,clf_logit,3,0
2016-09,0.3001369896764789,cotton,clf_logit,3,0
2016-10,0.22423258303942678,cotton,clf_logit,3,0
2016-11,0.36626992909101974,cotton,clf_logit,3,0
2016-12,0.2511013366602302,cotton,clf_logit,3,0
2017-01,0.30060977536927747,cotton,clf_logit,3,0
2017-02,0.215528294195885,cotton,clf_logit,3,0
2017-03,0.2597836028454154,cotton,clf_logit,3,0
2017-04,0.2404007142716228,cotton,clf_logit,3,0
2017-05,0.29937331916224735,cotton,clf_logit,3,0
2017-06,0.2355850269413927,cotton,clf_logit,3,0
2017-07,0.2845312466804554,cotton,clf_logit,3,0
2017-08,0.2547833859654781,cotton,clf_logit,3,0
2017-09,0.26196740094457704,cotton,clf_logit,3,0
2017-10,0.24973122331973527,cotton,clf_logit,3,1
2017-11,0.2347029763775223,cotton,clf_logit,3,1
2017-12,0.23361698849720935,cotton,clf_logit,3,0
2018-01,0.11960444601448228,cotton,clf_logit,3,0
2018-02,0.17353772196179676,cotton,clf_logit,3,0
2018-03,0.16400786145319476,cotton,clf_logit,3,0
2018-04,0.18980508462228182,cotton,clf_logit,3,0
2018-05,0.1559779090233182,cotton,clf_logit,3,0
2018-06,0.2117805129836968,cotton,clf_logit,3,0
2018-07,0.18321955367869258,cotton,clf_logit,3,0
2018-08,0.20962978494435922,cotton,clf_logit,3,0
2018-09,0.23127895011154315,cotton,clf_logit,3,0
2018-10,0.30609091502307145,cotton,clf_logit,3,0
2018-11,0.29875991261772983,cotton,clf_logit,3,0
2018-12,0.23004997963718682,cotton,clf_logit,3,0
2019-01,0.154320043558714,cotton,clf_logit,3,0
2019-02,0.18826386618582638,cotton,clf_logit,3,0
2019-03,0.33849992572425996,cotton,clf_logit,3,0
2019-04,0.34695470212073964,cotton,clf_logit,3,0
2019-05,0.32413016986331844,cotton,clf_logit,3,0
2019-06,0.27420853976344906,cotton,clf_logit,3,0
2019-07,0.1904588151111286,cotton,clf_logit,3,0
2019-08,0.2175787377699487,cotton,clf_logit,3,0
2019-09,0.20342249724881026,cotton,clf_logit,3,0
2019-10,0.1967137697377992,cotton,clf_logit,3,0
2019-11,0.3021362711977692,cotton,clf_logit,3,0
2019-12,0.3268697200091533,cotton,clf_logit,3,0
2020-01,0.2401428743964438,cotton,clf_logit,3,0
2020-02,0.2155790302255366,cotton,clf_logit,3,0
2020-03,0.1740334934158214,cotton,clf_logit,3,0
2020-04,0.09527693537887219,cotton,clf_logit,3,0
2020-05,0.10786729434643799,cotton,clf_logit,3,0
2020-06,0.22081995158311518,cotton,clf_logit,3,0
2020-07,0.22448076136790393,cotton,clf_logit,3,0
2020-08,0.19236496691124322,cotton,clf_logit,3,1
2020-09,0.17919543904296137,cotton,clf_logit,3,1
2020-10,0.16224220271136378,cotton,clf_logit,3,1
2020-11,0.20263006646418427,cotton,clf_logit,3,1
2020-12,0.24263197294951033,cotton,clf_logit,3,1
2021-01,0.28534416851285876,cotton,clf_logit,3,0
2021-02,0.18434469374541593,cotton,clf_logit,3,0
2021-03,0.18110829533727804,cotton,clf_logit,3,0
2021-04,0.10660778587433313,cotton,clf_logit,3,0
2021-05,0.1566350472662672,cotton,clf_logit,3,1
2021-06,0.2063488487429285,cotton,clf_logit,3,1
2021-07,0.22242923114451063,cotton,clf_logit,3,1
2021-08,0.2249811968019402,cotton,clf_logit,3,1
2021-09,0.16912429675148768,cotton,clf_logit,3,1
2021-10,0.24082382739274483,cotton,clf_logit,3,1
2021-11,0.30326737230525763,cotton,clf_logit,3,0
2021-12,0.21622052673410547,cotton,clf_logit,3,1
2022-01,0.25885237743243183,cotton,clf_logit,3,1
2022-02,0.3124390634011273,cotton,clf_logit,3,1
2022-03,0.2925016489776651,cotton,clf_logit,3,1
2022-04,0.2859884302227077,cotton,clf_logit,3,0
2022-05,0.25822271057995283,cotton,clf_logit,3,0
2022-06,0.24218567007383815,cotton,clf_logit,3,0
2022-07,0.17582995872711188,cotton,clf_logit,3,0
2022-08,0.16817038243612614,cotton,clf_logit,3,0
2022-09,0.1262368544822246,cotton,clf_logit,3,0
2022-10,0.11920165504828581,cotton,clf_logit,3,0
2022-11,0.10508964746244022,cotton,clf_logit,3,0
2022-12,0.14154124680241734,cotton,clf_logit,3,0
2023-01,0.16271934393700926,cotton,clf_logit,3,0
2023-02,0.1885903214787998,cotton,clf_logit,3,0
2023-03,0.1267534095769071,cotton,clf_logit,3,0
2023-04,0.17370398196516154,cotton,clf_logit,3,0
2023-05,0.22982672806196255,cotton,clf_logit,3,0
2023-06,0.20103680773391736,cotton,clf_logit,3,0
2023-07,0.18656410435904822,cotton,clf_logit,3,0
2023-08,0.20280237513443702,cotton,clf_logit,3,0
2023-09,0.20067150969335779,cotton,clf_logit,3,0
2023-10,0.1487147189959704,cotton,clf_logit,3,0
2023-11,0.13462786562503504,cotton,clf_logit,3,1
2023-12,0.1360616861048139,cotton,clf_logit,3,1
2024-01,0.18740977277415455,cotton,clf_logit,3,0
2024-02,0.2846691094299828,cotton,clf_logit,3,0
2024-03,0.2947274185257387,cotton,clf_logit,3,0
2024-04,0.2606983950929797,cotton,clf_logit,3,0
2024-05,0.22274378433169167,cotton,clf_logit,3,0
2024-06,0.21144587906943407,cotton,clf_logit,3,0
2024-07,0.2219715980278065,cotton,clf_logit,3,0
2024-08,0.17981795803958936,cotton,clf_logit,3,0
2024-09,0.18994110128205297,cotton,clf_logit,3,0
2024-10,0.14473281297916044,cotton,clf_logit,3,0
2024-11,0.16389374964775044,cotton,clf_logit,3,0
2024-12,0.18930131224719443,cotton,clf_logit,3,0
2025-01,0.13214083404370963,cotton,clf_logit,3,0
2025-02,0.1873729773978255,cotton,clf_logit,3,0
2025-03,0.0837925782690835,cotton,clf_logit,3,0
2025-04,0.13868286979857244,cotton,clf_logit,3,0
2025-05,0.15303222607295533,cotton,clf_logit,3,0
2025-06,0.17161598425825075,cotton,clf_logit,3,0
2025-07,0.17316107548732754,cotton,clf_logit,3,0
2025-08,0.1849877255407329,cotton,clf_logit,3,0
2025-09,0.15121045348204978,cotton,clf_logit,3,0
2016-01,0.5590957985537208,cotton,clf_logit,6,1
2016-02,0.5791567152953033,cotton,clf_logit,6,1
2016-03,0.474049887045088,cotton,clf_logit,6,1
2016-04,0.7325100026525545,cotton,clf_logit,6,1
2016-05,0.6465670533376362,cotton,clf_logit,6,1
2016-06,0.6448687858239739,cotton,clf_logit,6,0
2016-07,0.6561660201203215,cotton,clf_logit,6,0
2016-08,0.6710088745094249,cotton,clf_logit,6,0
2016-09,0.6649510225000272,cotton,clf_logit,6,1
2016-10,0.5571875198134835,cotton,clf_logit,6,1
2016-11,0.5603654772369455,cotton,clf_logit,6,1
2016-12,0.558422734072607,cotton,clf_logit,6,1
2017-01,0.5867430670645368,cotton,clf_logit,6,0
2017-02,0.4547389849248053,cotton,clf_logit,6,0
2017-03,0.6441192276569069,cotton,clf_logit,6,0
2017-04,0.424414239636951,cotton,clf_logit,6,0
2017-05,0.49458643602630775,cotton,clf_logit,6,0
2017-06,0.5050181834667283,cotton,clf_logit,6,0
2017-07,0.5729310584090529,cotton,clf_logit,6,0
2017-08,0.4499118188000107,cotton,clf_logit,6,1
2017-09,0.4518784912265967,cotton,clf_logit,6,1
2017-10,0.3757294234309707,cotton,clf_logit,6,1
2017-11,0.4942054986121009,cotton,clf_logit,6,1
2017-12,0.41108966511397615,cotton,clf_logit,6,1
2018-01,0.33625146815388757,cotton,clf_logit,6,0
2018-02,0.26528389292424936,cotton,clf_logit,6,1
2018-03,0.37175371681506847,cotton,clf_logit,6,0
2018-04,0.37350113599597357,cotton,clf_logit,6,0
2018-05,0.3591215407313478,cotton,clf_logit,6,0
2018-06,0.42937687428761806,cotton,clf_logit,6,0
2018-07,0.33412801002550363,cotton,clf_logit,6,0
2018-08,0.41314819507371203,cotton,clf_logit,6,0
2018-09,0.4835179533155498,cotton,clf_logit,6,0
2018-10,0.4459634417617761,cotton,clf_logit,6,0
2018-11,0.37778423277886986,cotton,clf_logit,6,0
2018-12,0.36918219073195724,cotton,clf_logit,6,0
2019-01,0.3031958242648776,cotton,clf_logit,6,0
2019-02,0.38131349879292353,cotton,clf_logit,6,0
2019-03,0.43038260968347797,cotton,clf_logit,6,0
2019-04,0.4913390416484162,cotton,clf_logit,6,0
2019-05,0.39693264163390146,cotton,clf_logit,6,0
2019-06,0.3457795719080523,cotton,clf_logit,6,0
2019-07,0.39917992334498464,cotton,clf_logit,6,0
2019-08,0.412365375446895,cotton,clf_logit,6,1
2019-09,0.5059969341035382,cotton,clf_logit,6,1
2019-10,0.4277746401245329,cotton,clf_logit,6,0
2019-11,0.43464834810000896,cotton,clf_logit,6,0
2019-12,0.40720842682816644,cotton,clf_logit,6,0
2020-01,0.468397286640636,cotton,clf_logit,6,0
2020-02,0.47219146352228425,cotton,clf_logit,6,0
2020-03,0.3935034799698013,cotton,clf_logit,6,0
2020-04,0.3357639950989482,cotton,clf_logit,6,1
2020-05,0.3282687477700508,cotton,clf_logit,6,1
2020-06,0.40953514544933356,cotton,clf_logit,6,1
2020-07,0.40741367107177273,cotton,clf_logit,6,1
2020-08,0.4373672742045368,cotton,clf_logit,6,1
2020-09,0.3775319754078026,cotton,clf_logit,6,1
2020-10,0.3992667201165895,cotton,clf_logit,6,1
2020-11,0.39158851051678445,cotton,clf_logit,6,1
2020-12,0.352182090979103,cotton,clf_logit,6,1
2021-01,0.3319065858631193,cotton,clf_logit,6,1
2021-02,0.30021544374949144,cotton,clf_logit,6,0
2021-03,0.24719199141770629,cotton,clf_logit,6,1
2021-04,0.2028314965415298,cotton,clf_logit,6,1
2021-05,0.30119295020153236,cotton,clf_logit,6,1
2021-06,0.40003070632353543,cotton,clf_logit,6,1
2021-07,0.4659007244719671,cotton,clf_logit,6,1
2021-08,0.47391255740160887,cotton,clf_logit,6,1
2021-09,0.3600749856383358,cotton,clf_logit,6,1
2021-10,0.3807307359376991,cotton,clf_logit,6,1
2021-11,0.47764905019972437,cotton,clf_logit,6,1
2021-12,0.36552847571140584,cotton,clf_logit,6,1
2022-01,0.5246392366947474,cotton,clf_logit,6,1
2022-02,0.44184501656688285,cotton,clf_logit,6,1
2022-03,0.54134878265288,cotton,clf_logit,6,1
2022-04,0.42201279690633603,cotton,clf_logit,6,0
2022-05,0.4602817367020945,cotton,clf_logit,6,0
2022-06,0.5713324207993851,cotton,clf_logit,6,0
2022-07,0.514734887484511,cotton,clf_logit,6,0
2022-08,0.46226697555269375,cotton,clf_logit,6,0
2022-09,0.3873335310537774,cotton,clf_logit,6,0
2022-10,0.3609205916916663,cotton,clf_logit,6,0
2022-11,0.2924508752573362,cotton,clf_logit,6,0
2022-12,0.3385005899969203,cotton,clf_logit,6,0
2023-01,0.3354815318091958,cotton,clf_logit,6,0
2023-02,0.30535639640347495,cotton,clf_logit,6,0
2023-03,0.3599095828967945,cotton,clf_logit,6,0
2023-04,0.3292524680389336,cotton,clf_logit,6,0
2023-05,0.2668767625142155,cotton,clf_logit,6,0
2023-06,0.2471883603694503,cotton,clf_logit,6,0
2023-07,0.25656254405328244,cotton,clf_logit,6,0
2023-08,0.34097257966138894,cotton,clf_logit,6,0
2023-09,0.354626828293282,cotton,clf_logit,6,0
2023-10,0.27804936616381415,cotton,clf_logit,6,0
2023-11,0.2660901986720965,cotton,clf_logit,6,1
2023-12,0.40323911622856795,cotton,clf_logit,6,1
2024-01,0.4803534531899204,cotton,clf_logit,6,0
2024-02,0.5646706044382305,cotton,clf_logit,6,0
2024-03,0.56638716583687,cotton,clf_logit,6,0
2024-04,0.5622251970915015,cotton,clf_logit,6,0
2024-05,0.6122311693509146,cotton,clf_logit,6,0
2024-06,0.5665071658392479,cotton,clf_logit,6,0
2024-07,0.5627828704067177,cotton,clf_logit,6,0
2024-08,0.4375160565394768,cotton,clf_logit,6,0
2024-09,0.4407668886993371,cotton,clf_logit,6,0
2024-10,0.4222880913634472,cotton,clf_logit,6,0
2024-11,0.4646849411488956,cotton,clf_logit,6,0
2024-12,0.4796801832602439,cotton,clf_logit,6,0
2025-01,0.3733884156127752,cotton,clf_logit,6,0
2025-02,0.40941957865912687,cotton,clf_logit,6,0
2025-03,0.3169943235860893,cotton,clf_logit,6,0
2025-04,0.3143308228494588,cotton,clf_logit,6,0
2025-05,0.27178589265442826,cotton,clf_logit,6,0
2025-06,0.2935120221159438,cotton,clf_logit,6,0
2016-01,0.8335205392594188,cotton,clf_logit,9,1
2016-02,0.8347291895619735,cotton,clf_logit,9,1
2016-03,0.8241425038950122,cotton,clf_logit,9,1
2016-04,0.8912816428212059,cotton,clf_logit,9,1
2016-05,0.8033887043974849,cotton,clf_logit,9,1
2016-06,0.7716502171909154,cotton,clf_logit,9,1
2016-07,0.7673710583524979,cotton,clf_logit,9,0
2016-08,0.7691869990347993,cotton,clf_logit,9,1
2016-09,0.736322389093786,cotton,clf_logit,9,1
2016-10,0.6259727946200581,cotton,clf_logit,9,1
2016-11,0.6219832708323935,cotton,clf_logit,9,1
2016-12,0.6753230074637867,cotton,clf_logit,9,1
2017-01,0.6760599043577209,cotton,clf_logit,9,0
2017-02,0.634710604293223,cotton,clf_logit,9,0
2017-03,0.7161869273128934,cotton,clf_logit,9,0
2017-04,0.5973247437809971,cotton,clf_logit,9,0
2017-05,0.6298335765225181,cotton,clf_logit,9,0
2017-06,0.6041828891307225,cotton,clf_logit,9,0
2017-07,0.669108197746391,cotton,clf_logit,9,0
2017-08,0.519237267043051,cotton,clf_logit,9,1
2017-09,0.5507605457242097,cotton,clf_logit,9,1
2017-10,0.48053129624375907,cotton,clf_logit,9,1
2017-11,0.5649619207744762,cotton,clf_logit,9,1
2017-12,0.5288713267364462,cotton,clf_logit,9,1
2018-01,0.4586088383492887,cotton,clf_logit,9,0
2018-02,0.3679045370788885,cotton,clf_logit,9,1
2018-03,0.4404558333960925,cotton,clf_logit,9,0
2018-04,0.4538444464787448,cotton,clf_logit,9,0
2018-05,0.4524389442419513,cotton,clf_logit,9,0
2018-06,0.4610621270954009,cotton,clf_logit,9,0
2018-07,0.420404577215904,cotton,clf_logit,9,0
2018-08,0.5015676719132052,cotton,clf_logit,9,0
2018-09,0.5657516787835386,cotton,clf_logit,9,0
2018-10,0.5352760471206527,cotton,clf_logit,9,0
2018-11,0.5283613533786878,cotton,clf_logit,9,0
2018-12,0.5082256650723246,cotton,clf_logit,9,0
2019-01,0.47515742630757524,cotton,clf_logit,9,0
2019-02,0.5272563886844244,cotton,clf_logit,9,0
2019-03,0.5636810544697788,cotton,clf_logit,9,0
2019-04,0.632143731382532,cotton,clf_logit,9,0
2019-05,0.5571032575873132,cotton,clf_logit,9,0
2019-06,0.5098873324179141,cotton,clf_logit,9,0
2019-07,0.5067164947448886,cotton,clf_logit,9,0
2019-08,0.5159522642444564,cotton,clf_logit,9,1
2019-09,0.6127761541638439,cotton,clf_logit,9,1
2019-10,0.5328161093653474,cotton,clf_logit,9,0
2019-11,0.5887098155686067,cotton,clf_logit,9,0
2019-12,0.5943955066220508,cotton,clf_logit,9,0
2020-01,0.6156284418156677,cotton,clf_logit,9,0
2020-02,0.6352785432751298,cotton,clf_logit,9,0
2020-03,0.541225970671563,cotton,clf_logit,9,1
2020-04,0.48821380257193986,cotton,clf_logit,9,1
2020-05,0.45856733768705954,cotton,clf_logit,9,1
2020-06,0.5243301752928504,cotton,clf_logit,9,1
2020-07,0.518055394970994,cotton,clf_logit,9,1
2020-08,0.5159229628444706,cotton,clf_logit,9,1
2020-09,0.4492696907954067,cotton,clf_logit,9,1
2020-10,0.45098479610926384,cotton,clf_logit,9,1
2020-11,0.4122239577598736,cotton,clf_logit,9,1
2020-12,0.4052237300948996,cotton,clf_logit,9,1
2021-01,0.36600873648113974,cotton,clf_logit,9,1
2021-02,0.34508908405421934,cotton,clf_logit,9,1
2021-03,0.27062530178779215,cotton,clf_logit,9,1
2021-04,0.24970857700129248,cotton,clf_logit,9,1
2021-05,0.3529118309584921,cotton,clf_logit,9,1
2021-06,0.47799938533094,cotton,clf_logit,9,1
2021-07,0.531837968390972,cotton,clf_logit,9,1
2021-08,0.5074924107519648,cotton,clf_logit,9,1
2021-09,0.43866708415445876,cotton,clf_logit,9,1
2021-10,0.46747260405870855,cotton,clf_logit,9,1
2021-11,0.5154303064304546,cotton,clf_logit,9,1
2021-12,0.4369731481949943,cotton,clf_logit,9,1
2022-01,0.5712068132146116,cotton,clf_logit,9,1
2022-02,0.502930320299049,cotton,clf_logit,9,1
2022-03,0.5862022573364304,cotton,clf_logit,9,1
2022-04,0.5526129209619136,cotton,clf_logit,9,0
2022-05,0.6107850444125162,cotton,clf_logit,9,0
2022-06,0.6604718264714059,cotton,clf_logit,9,0
2022-07,0.5457342291208673,cotton,clf_logit,9,0
2022-08,0.5094637433924105,cotton,clf_logit,9,0
2022-09,0.42705583275570075,cotton,clf_logit,9,0
2022-10,0.3804258363746881,cotton,clf_logit,9,0
2022-11,0.3502249166954062,cotton,clf_logit,9,0
2022-12,0.3352471152486614,cotton,clf_logit,9,0
2023-01,0.36587242883050186,cotton,clf_logit,9,0
2023-02,0.3667365837679127,cotton,clf_logit,9,0
2023-03,0.39906622352656657,cotton,clf_logit,9,0
2023-04,0.39073260092198187,cotton,clf_logit,9,0
2023-05,0.34030045343426923,cotton,clf_logit,9,0
2023-06,0.3667542606133434,cotton,clf_logit,9,0
2023-07,0.3841598015632836,cotton,clf_logit,9,0
2023-08,0.4688081725493566,cotton,clf_logit,9,0
2023-09,0.5108107128802257,cotton,clf_logit,9,0
2023-10,0.5053378291888146,cotton,clf_logit,9,0
2023-11,0.5096601375909627,cotton,clf_logit,9,1
2023-12,0.6340712020085525,cotton,clf_logit,9,1
2024-01,0.7130513584457561,cotton,clf_logit,9,0
2024-02,0.7743951210012028,cotton,clf_logit,9,0
2024-03,0.7519936054886491,cotton,clf_logit,9,0
2024-04,0.7200020450338149,cotton,clf_logit,9,0
2024-05,0.7235661107914458,cotton,clf_logit,9,0
2024-06,0.6705299301280686,cotton,clf_logit,9,0
2024-07,0.639469199551496,cotton,clf_logit,9,0
2024-08,0.5518098797306875,cotton,clf_logit,9,0
2024-09,0.5288119308461761,cotton,clf_logit,9,0
2024-10,0.5619643115345665,cotton,clf_logit,9,0
2024-11,0.5478905518043504,cotton,clf_logit,9,0
2024-12,0.5613473462950836,cotton,clf_logit,9,0
2025-01,0.435337394774582,cotton,clf_logit,9,0
2025-02,0.42315288432703746,cotton,clf_logit,9,0
2025-03,0.40361134950779476,cotton,clf_logit,9,0
2016-01,0.2415761500597,cotton,clf_xgb,3,0
2016-02,0.2415761500597,cotton,clf_xgb,3,0
2016-03,0.2415761500597,cotton,clf_xgb,3,1
2016-04,0.2415761500597,cotton,clf_xgb,3,1
2016-05,0.2415761500597,cotton,clf_xgb,3,1
2016-06,0.2415761500597,cotton,clf_xgb,3,0
2016-07,0.2415761500597,cotton,clf_xgb,3,0
2016-08,0.2415761500597,cotton,clf_xgb,3,0
2016-09,0.2415761500597,cotton,clf_xgb,3,0
2016-10,0.2415761500597,cotton,clf_xgb,3,0
2016-11,0.2415761500597,cotton,clf_xgb,3,0
2016-12,0.2415761500597,cotton,clf_xgb,3,0
2017-01,0.24263566732406616,cotton,clf_xgb,3,0
2017-02,0.24263566732406616,cotton,clf_xgb,3,0
2017-03,0.24263566732406616,cotton,clf_xgb,3,0
2017-04,0.24263566732406616,cotton,clf_xgb,3,0
2017-05,0.24263566732406616,cotton,clf_xgb,3,0
2017-06,0.24263566732406616,cotton,clf_xgb,3,0
2017-07,0.24263566732406616,cotton,clf_xgb,3,0
2017-08,0.24263566732406616,cotton,clf_xgb,3,0
2017-09,0.24263566732406616,cotton,clf_xgb,3,0
2017-10,0.24263566732406616,cotton,clf_xgb,3,1
2017-11,0.24263566732406616,cotton,clf_xgb,3,1
2017-12,0.24263566732406616,cotton,clf_xgb,3,0
2018-01,0.23357926309108734,cotton,clf_xgb,3,0
2018-02,0.23552195727825165,cotton,clf_xgb,3,0
2018-03,0.23032955825328827,cotton,clf_xgb,3,0
2018-04,0.23552195727825165,cotton,clf_xgb,3,0
2018-05,0.23357926309108734,cotton,clf_xgb,3,0
2018-06,0.23357926309108734,cotton,clf_xgb,3,0
2018-07,0.23225338757038116,cotton,clf_xgb,3,0
2018-08,0.23225338757038116,cotton,clf_xgb,3,0
2018-09,0.23032955825328827,cotton,clf_xgb,3,0
2018-10,0.2448464035987854,cotton,clf_xgb,3,0
2018-11,0.2468525916337967,cotton,clf_xgb,3,0
2018-12,0.24148930609226227,cotton,clf_xgb,3,0
2019-01,0.22636796534061432,cotton,clf_xgb,3,0
2019-02,0.23740556836128235,cotton,clf_xgb,3,0
2019-03,0.24848678708076477,cotton,clf_xgb,3,0
2019-04,0.24848678708076477,cotton,clf_xgb,3,0
2019-05,0.2419927716255188,cotton,clf_xgb,3,0
2019-06,0.23709414899349213,cotton,clf_xgb,3,0
2019-07,0.2325712889432907,cotton,clf_xgb,3,0
2019-08,0.23993435502052307,cotton,clf_xgb,3,0
2019-09,0.2325712889432907,cotton,clf_xgb,3,0
2019-10,0.23111209273338318,cotton,clf_xgb,3,0
2019-11,0.24349892139434814,cotton,clf_xgb,3,0
2019-12,0.24487286806106567,cotton,clf_xgb,3,0
2020-01,0.22887182235717773,cotton,clf_xgb,3,0
2020-02,0.2161659151315689,cotton,clf_xgb,3,0
2020-03,0.19602102041244507,cotton,clf_xgb,3,0
2020-04,0.19602102041244507,cotton,clf_xgb,3,0
2020-05,0.2046344131231308,cotton,clf_xgb,3,0
2020-06,0.21135863661766052,cotton,clf_xgb,3,0
2020-07,0.21135863661766052,cotton,clf_xgb,3,0
2020-08,0.21135863661766052,cotton,clf_xgb,3,1
2020-09,0.21945156157016754,cotton,clf_xgb,3,1
2020-10,0.19411717355251312,cotton,clf_xgb,3,1
2020-11,0.19411717355251312,cotton,clf_xgb,3,1
2020-12,0.21750546991825104,cotton,clf_xgb,3,1
2021-01,0.29763349890708923,cotton,clf_xgb,3,0
2021-02,0.27559080719947815,cotton,clf_xgb,3,0
2021-03,0.29763349890708923,cotton,clf_xgb,3,0
2021-04,0.29763349890708923,cotton,clf_xgb,3,0
2021-05,0.20883670449256897,cotton,clf_xgb,3,1
2021-06,0.2688896656036377,cotton,clf_xgb,3,1
2021-07,0.2696588337421417,cotton,clf_xgb,3,1
2021-08,0.2491609752178192,cotton,clf_xgb,3,1
2021-09,0.20444457232952118,cotton,clf_xgb,3,1
2021-10,0.25040432810783386,cotton,clf_xgb,3,1
2021-11,0.27559080719947815,cotton,clf_xgb,3,0
2021-12,0.2663867771625519,cotton,clf_xgb,3,1
2022-01,0.3004128634929657,cotton,clf_xgb,3,1
2022-02,0.3520423173904419,cotton,clf_xgb,3,1
2022-03,0.31627002358436584,cotton,clf_xgb,3,1
2022-04,0.3371730446815491,cotton,clf_xgb,3,0
2022-05,0.32075947523117065,cotton,clf_xgb,3,0
2022-06,0.3068912625312805,cotton,clf_xgb,3,0
2022-07,0.23433975875377655,cotton,clf_xgb,3,0
2022-08,0.2532862722873688,cotton,clf_xgb,3,0
2022-09,0.20521683990955353,cotton,clf_xgb,3,0
2022-10,0.20521683990955353,cotton,clf_xgb,3,0
2022-11,0.21387013792991638,cotton,clf_xgb,3,0
2022-12,0.21805810928344727,cotton,clf_xgb,3,0
2023-01,0.22263681888580322,cotton,clf_xgb,3,0
2023-02,0.22329378128051758,cotton,clf_xgb,3,0
2023-03,0.15625251829624176,cotton,clf_xgb,3,0
2023-04,0.19502675533294678,cotton,clf_xgb,3,0
2023-05,0.16867797076702118,cotton,clf_xgb,3,0
2023-06,0.17088758945465088,cotton,clf_xgb,3,0
2023-07,0.16735120117664337,cotton,clf_xgb,3,0
2023-08,0.17733879387378693,cotton,clf_xgb,3,0
2023-09,0.18238894641399384,cotton,clf_xgb,3,0
2023-10,0.1985219120979309,cotton,clf_xgb,3,0
2023-11,0.17680220305919647,cotton,clf_xgb,3,1
2023-12,0.16106398403644562,cotton,clf_xgb,3,1
2024-01,0.17554982006549835,cotton,clf_xgb,3,0
2024-02,0.20637528598308563,cotton,clf_xgb,3,0
2024-03,0.18478500843048096,cotton,clf_xgb,3,0
2024-04,0.1592152863740921,cotton,clf_xgb,3,0
2024-05,0.1666698008775711,cotton,clf_xgb,3,0
2024-06,0.16640667617321014,cotton,clf_xgb,3,0
2024-07,0.16640667617321014,cotton,clf_xgb,3,0
2024-08,0.17628924548625946,cotton,clf_xgb,3,0
2024-09,0.16267165541648865,cotton,clf_xgb,3,0
2024-10,0.15816940367221832,cotton,clf_xgb,3,0
2024-11,0.1961447149515152,cotton,clf_xgb,3,0
2024-12,0.21662425994873047,cotton,clf_xgb,3,0
2025-01,0.19134977459907532,cotton,clf_xgb,3,0
2025-02,0.15914900600910187,cotton,clf_xgb,3,0
2025-03,0.1398944854736328,cotton,clf_xgb,3,0
2025-04,0.13600005209445953,cotton,clf_xgb,3,0
2025-05,0.13827462494373322,cotton,clf_xgb,3,0
2025-06,0.15227676928043365,cotton,clf_xgb,3,0
2025-07,0.16075259447097778,cotton,clf_xgb,3,0
2025-08,0.17140376567840576,cotton,clf_xgb,3,0
2025-09,0.21177150309085846,cotton,clf_xgb,3,0
2016-01,0.37030884623527527,cotton,clf_xgb,6,1
2016-02,0.365153044462204,cotton,clf_xgb,6,1
2016-03,0.4014814496040344,cotton,clf_xgb,6,1
2016-04,0.445718914270401,cotton,clf_xgb,6,1
2016-05,0.3965490460395813,cotton,clf_xgb,6,1
2016-06,0.43784603476524353,cotton,clf_xgb,6,0
2016-07,0.43843141198158264,cotton,clf_xgb,6,0
2016-08,0.45472419261932373,cotton,clf_xgb,6,0
2016-09,0.4709828794002533,cotton,clf_xgb,6,1
2016-10,0.4702552556991577,cotton,clf_xgb,6,1
2016-11,0.43086308240890503,cotton,clf_xgb,6,1
2016-12,0.4180510938167572,cotton,clf_xgb,6,1
2017-01,0.5014265775680542,cotton,clf_xgb,6,0
2017-02,0.46239984035491943,cotton,clf_xgb,6,0
2017-03,0.48553749918937683,cotton,clf_xgb,6,0
2017-04,0.48553749918937683,cotton,clf_xgb,6,0
2017-05,0.48553749918937683,cotton,clf_xgb,6,0
2017-06,0.3739357888698578,cotton,clf_xgb,6,0
2017-07,0.4706181287765503,cotton,clf_xgb,6,0
2017-08,0.4983033537864685,cotton,clf_xgb,6,1
2017-09,0.5273182392120361,cotton,clf_xgb,6,1
2017-10,0.3782199025154114,cotton,clf_xgb,6,1
2017-11,0.5047977566719055,cotton,clf_xgb,6,1
2017-12,0.3642919063568115,cotton,clf_xgb,6,1
2018-01,0.3196676969528198,cotton,clf_xgb,6,0
2018-02,0.4014922082424164,cotton,clf_xgb,6,1
2018-03,0.32804152369499207,cotton,clf_xgb,6,0
2018-04,0.3196676969528198,cotton,clf_xgb,6,0
2018-05,0.41001400351524353,cotton,clf_xgb,6,0
2018-06,0.41929587721824646,cotton,clf_xgb,6,0
2018-07,0.29802531003952026,cotton,clf_xgb,6,0
2018-08,0.4241895377635956,cotton,clf_xgb,6,0
2018-09,0.3609139621257782,cotton,clf_xgb,6,0
2018-10,0.5037419199943542,cotton,clf_xgb,6,0
2018-11,0.37179332971572876,cotton,clf_xgb,6,0
2018-12,0.33290132880210876,cotton,clf_xgb,6,0
2019-01,0.32709184288978577,cotton,clf_xgb,6,0
2019-02,0.4888959228992462,cotton,clf_xgb,6,0
2019-03,0.42587214708328247,cotton,clf_xgb,6,0
2019-04,0.49467724561691284,cotton,clf_xgb,6,0
2019-05,0.4303125739097595,cotton,clf_xgb,6,0
2019-06,0.32709184288978577,cotton,clf_xgb,6,0
2019-07,0.40083351731300354,cotton,clf_xgb,6,0
2019-08,0.343854159116745,cotton,clf_xgb,6,1
2019-09,0.45309802889823914,cotton,clf_xgb,6,1
2019-10,0.431112676858902,cotton,clf_xgb,6,0
2019-11,0.413801372051239,cotton,clf_xgb,6,0
2019-12,0.4290692210197449,cotton,clf_xgb,6,0
2020-01,0.4706744849681854,cotton,clf_xgb,6,0
2020-02,0.47353777289390564,cotton,clf_xgb,6,0
2020-03,0.3247872292995453,cotton,clf_xgb,6,0
2020-04,0.3247872292995453,cotton,clf_xgb,6,1
2020-05,0.338066428899765,cotton,clf_xgb,6,1
2020-06,0.40420711040496826,cotton,clf_xgb,6,1
2020-07,0.40420711040496826,cotton,clf_xgb,6,1
2020-08,0.38351666927337646,cotton,clf_xgb,6,1
2020-09,0.3265320956707001,cotton,clf_xgb,6,1
2020-10,0.3063136339187622,cotton,clf_xgb,6,1
2020-11,0.3063136339187622,cotton,clf_xgb,6,1
2020-12,0.3654480278491974,cotton,clf_xgb,6,1
2021-01,0.4519793391227722,cotton,clf_xgb,6,1
2021-02,0.4554404318332672,cotton,clf_xgb,6,0
2021-03,0.4572922885417938,cotton,clf_xgb,6,1
2021-04,0.4300191104412079,cotton,clf_xgb,6,1
2021-05,0.3680032789707184,cotton,clf_xgb,6,1
2021-06,0.5147587060928345,cotton,clf_xgb,6,1
2021-07,0.5369696021080017,cotton,clf_xgb,6,1
2021-08,0.3679620027542114,cotton,clf_xgb,6,1
2021-09,0.3541860580444336,cotton,clf_xgb,6,1
2021-10,0.43029075860977173,cotton,clf_xgb,6,1
2021-11,0.4519793391227722,cotton,clf_xgb,6,1
2021-12,0.3820689618587494,cotton,clf_xgb,6,1
2022-01,0.5255175232887268,cotton,clf_xgb,6,1
2022-02,0.5946061015129089,cotton,clf_xgb,6,1
2022-03,0.5893263220787048,cotton,clf_xgb,6,1
2022-04,0.5946061015129089,cotton,clf_xgb,6,0
2022-05,0.5255175232887268,cotton,clf_xgb,6,0
2022-06,0.5849698185920715,cotton,clf_xgb,6,0
2022-07,0.45095813274383545,cotton,clf_xgb,6,0
2022-08,0.4386502206325531,cotton,clf_xgb,6,0
2022-09,0.3488540053367615,cotton,clf_xgb,6,0
2022-10,0.35573795437812805,cotton,clf_xgb,6,0
2022-11,0.3946489095687866,cotton,clf_xgb,6,0
2022-12,0.40668725967407227,cotton,clf_xgb,6,0
2023-01,0.35445311665534973,cotton,clf_xgb,6,0
2023-02,0.34700968861579895,cotton,clf_xgb,6,0
2023-03,0.3192194998264313,cotton,clf_xgb,6,0
2023-04,0.2961849570274353,cotton,clf_xgb,6,0
2023-05,0.29645678400993347,cotton,clf_xgb,6,0
2023-06,0.24079768359661102,cotton,clf_xgb,6,0
2023-07,0.2767238914966583,cotton,clf_xgb,6,0
2023-08,0.4200325608253479,cotton,clf_xgb,6,0
2023-09,0.4234236180782318,cotton,clf_xgb,6,0
2023-10,0.46306368708610535,cotton,clf_xgb,6,0
2023-11,0.39268237352371216,cotton,clf_xgb,6,1
2023-12,0.3897814154624939,cotton,clf_xgb,6,1
2024-01,0.4441871643066406,cotton,clf_xgb,6,0
2024-02,0.4217480421066284,cotton,clf_xgb,6,0
2024-03,0.36827099323272705,cotton,clf_xgb,6,0
2024-04,0.3500401973724365,cotton,clf_xgb,6,0
2024-05,0.48139438033103943,cotton,clf_xgb,6,0
2024-06,0.4690961539745331,cotton,clf_xgb,6,0
2024-07,0.44596001505851746,cotton,clf_xgb,6,0
2024-08,0.4486614167690277,cotton,clf_xgb,6,0
2024-09,0.37805336713790894,cotton,clf_xgb,6,0
2024-10,0.307824969291687,cotton,clf_xgb,6,0
2024-11,0.29719242453575134,cotton,clf_xgb,6,0
2024-12,0.3838903605937958,cotton,clf_xgb,6,0
2025-01,0.3574749529361725,cotton,clf_xgb,6,0
2025-02,0.3835170865058899,cotton,clf_xgb,6,0
2025-03,0.27679452300071716,cotton,clf_xgb,6,0
2025-04,0.23583324253559113,cotton,clf_xgb,6,0
2025-05,0.2320321947336197,cotton,clf_xgb,6,0
2025-06,0.2362673431634903,cotton,clf_xgb,6,0
2016-01,0.540065586566925,cotton,clf_xgb,9,1
2016-02,0.5469765067100525,cotton,clf_xgb,9,1
2016-03,0.565468966960907,cotton,clf_xgb,9,1
2016-04,0.561943769454956,cotton,clf_xgb,9,1
2016-05,0.5331012010574341,cotton,clf_xgb,9,1
2016-06,0.5411834716796875,cotton,clf_xgb,9,1
2016-07,0.5369505882263184,cotton,clf_xgb,9,0
2016-08,0.6047011017799377,cotton,clf_xgb,9,1
2016-09,0.612920880317688,cotton,clf_xgb,9,1
2016-10,0.5603139996528625,cotton,clf_xgb,9,1
2016-11,0.48808059096336365,cotton,clf_xgb,9,1
2016-12,0.48662251234054565,cotton,clf_xgb,9,1
2017-01,0.5677224397659302,cotton,clf_xgb,9,0
2017-02,0.5651717185974121,cotton,clf_xgb,9,0
2017-03,0.5819917321205139,cotton,clf_xgb,9,0
2017-04,0.59527987241745,cotton,clf_xgb,9,0
2017-05,0.59527987241745,cotton,clf_xgb,9,0
2017-06,0.5395509004592896,cotton,clf_xgb,9,0
2017-07,0.5817288756370544,cotton,clf_xgb,9,0
2017-08,0.5701556205749512,cotton,clf_xgb,9,1
2017-09,0.5947460532188416,cotton,clf_xgb,9,1
2017-10,0.5066394805908203,cotton,clf_xgb,9,1
2017-11,0.5900512933731079,cotton,clf_xgb,9,1
2017-12,0.48773983120918274,cotton,clf_xgb,9,1
2018-01,0.4143819808959961,cotton,clf_xgb,9,0
2018-02,0.5030781626701355,cotton,clf_xgb,9,1
2018-03,0.4398808181285858,cotton,clf_xgb,9,0
2018-04,0.43525242805480957,cotton,clf_xgb,9,0
2018-05,0.5191667675971985,cotton,clf_xgb,9,0
2018-06,0.5445535182952881,cotton,clf_xgb,9,0
2018-07,0.4502429664134979,cotton,clf_xgb,9,0
2018-08,0.4856463372707367,cotton,clf_xgb,9,0
2018-09,0.44141098856925964,cotton,clf_xgb,9,0
2018-10,0.5433893799781799,cotton,clf_xgb,9,0
2018-11,0.452309787273407,cotton,clf_xgb,9,0
2018-12,0.4591679275035858,cotton,clf_xgb,9,0
2019-01,0.47673824429512024,cotton,clf_xgb,9,0
2019-02,0.6144508123397827,cotton,clf_xgb,9,0
2019-03,0.5748722553253174,cotton,clf_xgb,9,0
2019-04,0.6301031112670898,cotton,clf_xgb,9,0
2019-05,0.5748722553253174,cotton,clf_xgb,9,0
2019-06,0.481265664100647,cotton,clf_xgb,9,0
2019-07,0.52231764793396,cotton,clf_xgb,9,0
2019-08,0.5206261277198792,cotton,clf_xgb,9,1
2019-09,0.5784883499145508,cotton,clf_xgb,9,1
2019-10,0.5896145105361938,cotton,clf_xgb,9,0
2019-11,0.5727087259292603,cotton,clf_xgb,9,0
2019-12,0.5553030371665955,cotton,clf_xgb,9,0
2020-01,0.5098962783813477,cotton,clf_xgb,9,0
2020-02,0.5815622806549072,cotton,clf_xgb,9,0
2020-03,0.49208879470825195,cotton,clf_xgb,9,1
2020-04,0.49208879470825195,cotton,clf_xgb,9,1
2020-05,0.49208879470825195,cotton,clf_xgb,9,1
2020-06,0.5695333480834961,cotton,clf_xgb,9,1
2020-07,0.581553041934967,cotton,clf_xgb,9,1
2020-08,0.5533362030982971,cotton,clf_xgb,9,1
2020-09,0.40898945927619934,cotton,clf_xgb,9,1
2020-10,0.39427417516708374,cotton,clf_xgb,9,1
2020-11,0.39047685265541077,cotton,clf_xgb,9,1
2020-12,0.4420597553253174,cotton,clf_xgb,9,1
2021-01,0.49853071570396423,cotton,clf_xgb,9,1
2021-02,0.49853071570396423,cotton,clf_xgb,9,1
2021-03,0.5212854146957397,cotton,clf_xgb,9,1
2021-04,0.48639464378356934,cotton,clf_xgb,9,1
2021-05,0.46657106280326843,cotton,clf_xgb,9,1
2021-06,0.5616825222969055,cotton,clf_xgb,9,1
2021-07,0.58481764793396,cotton,clf_xgb,9,1
2021-08,0.45618143677711487,cotton,clf_xgb,9,1
2021-09,0.4349077343940735,cotton,clf_xgb,9,1
2021-10,0.48710891604423523,cotton,clf_xgb,9,1
2021-11,0.49574780464172363,cotton,clf_xgb,9,1
2021-12,0.4718288779258728,cotton,clf_xgb,9,1
2022-01,0.6159073114395142,cotton,clf_xgb,9,1
2022-02,0.6679087281227112,cotton,clf_xgb,9,1
2022-03,0.6624136567115784,cotton,clf_xgb,9,1
2022-04,0.6701334118843079,cotton,clf_xgb,9,0
2022-05,0.6183242797851562,cotton,clf_xgb,9,0
2022-06,0.6562156677246094,cotton,clf_xgb,9,0
2022-07,0.5189391374588013,cotton,clf_xgb,9,0
2022-08,0.5028648972511292,cotton,clf_xgb,9,0
2022-09,0.38952550292015076,cotton,clf_xgb,9,0
2022-10,0.39442354440689087,cotton,clf_xgb,9,0
2022-11,0.4241645932197571,cotton,clf_xgb,9,0
2022-12,0.48926740884780884,cotton,clf_xgb,9,0
2023-01,0.41289713978767395,cotton,clf_xgb,9,0
2023-02,0.42459043860435486,cotton,clf_xgb,9,0
2023-03,0.40804457664489746,cotton,clf_xgb,9,0
2023-04,0.3921888768672943,cotton,clf_xgb,9,0
2023-05,0.377154141664505,cotton,clf_xgb,9,0
2023-06,0.3345315456390381,cotton,clf_xgb,9,0
2023-07,0.38354524970054626,cotton,clf_xgb,9,0
2023-08,0.5559743642807007,cotton,clf_xgb,9,0
2023-09,0.5527142882347107,cotton,clf_xgb,9,0
2023-10,0.6038130521774292,cotton,clf_xgb,9,0
2023-11,0.5825238823890686,cotton,clf_xgb,9,1
2023-12,0.5607317090034485,cotton,clf_xgb,9,1
2024-01,0.5932716131210327,cotton,clf_xgb,9,0
2024-02,0.5693631768226624,cotton,clf_xgb,9,0
2024-03,0.5161043405532837,cotton,clf_xgb,9,0
2024-04,0.49224504828453064,cotton,clf_xgb,9,0
2024-05,0.5645933747291565,cotton,clf_xgb,9,0
2024-06,0.5444739460945129,cotton,clf_xgb,9,0
2024-07,0.5090577006340027,cotton,clf_xgb,9,0
2024-08,0.5070530772209167,cotton,clf_xgb,9,0
2024-09,0.513792097568512,cotton,clf_xgb,9,0
2024-10,0.4075626730918884,cotton,clf_xgb,9,0
2024-11,0.38061270117759705,cotton,clf_xgb,9,0
2024-12,0.4595871567726135,cotton,clf_xgb,9,0
2025-01,0.37706291675567627,cotton,clf_xgb,9,0
2025-02,0.4355241358280182,cotton,clf_xgb,9,0
2025-03,0.30022993683815,cotton,clf_xgb,9,0
2016-01,0.3288107352545801,rubber,clf_logit,3,1
2016-02,0.36365733437610565,rubber,clf_logit,3,1
2016-03,0.3702810122681318,rubber,clf_logit,3,1
2016-04,0.45116519258575716,rubber,clf_logit,3,0
2016-05,0.5200391169706928,rubber,clf_logit,3,0
2016-06,0.533266635369289,rubber,clf_logit,3,0
2016-07,0.3715482936644541,rubber,clf_logit,3,0
2016-08,0.4608107604860873,rubber,clf_logit,3,1
2016-09,0.5423358278194294,rubber,clf_logit,3,1
2016-10,0.5333554363237307,rubber,clf_logit,3,1
2016-11,0.5110651290115414,rubber,clf_logit,3,1
2016-12,0.5161857059920407,rubber,clf_logit,3,1
2017-01,0.5885627538620588,rubber,clf_logit,3,0
2017-02,0.5507414948802538,rubber,clf_logit,3,0
2017-03,0.3943681918962862,rubber,clf_logit,3,0
2017-04,0.34706716340731786,rubber,clf_logit,3,0
2017-05,0.32388503896344323,rubber,clf_logit,3,0
2017-06,0.29256170515058116,rubber,clf_logit,3,0
2017-07,0.2598161276172735,rubber,clf_logit,3,0
2017-08,0.33859186287371545,rubber,clf_logit,3,0
2017-09,0.4628921630796932,rubber,clf_logit,3,0
2017-10,0.5453119983903923,rubber,clf_logit,3,0
2017-11,0.45488054305727993,rubber,clf_logit,3,0
2017-12,0.40997216314661356,rubber,clf_logit,3,0
2018-01,0.4468465237915345,rubber,clf_logit,3,0
2018-02,0.5099028771552083,rubber,clf_logit,3,0
2018-03,0.3978833244476981,rubber,clf_logit,3,0
2018-04,0.35556821985251164,rubber,clf_logit,3,0
2018-05,0.36642116566377403,rubber,clf_logit,3,0
2018-06,0.2556016327836988,rubber,clf_logit,3,0
2018-07,0.26214598137131756,rubber,clf_logit,3,0
2018-08,0.24566062589253165,rubber,clf_logit,3,0
2018-09,0.3355928189764016,rubber,clf_logit,3,0
2018-10,0.4557786324303006,rubber,clf_logit,3,1
2018-11,0.4493380413080116,rubber,clf_logit,3,1
2018-12,0.4196276111500188,rubber,clf_logit,3,1
2019-01,0.4541060331765579,rubber,clf_logit,3,0
2019-02,0.45956904018698974,rubber,clf_logit,3,0
2019-03,0.5056012524048471,rubber,clf_logit,3,1
2019-04,0.4923650032268166,rubber,clf_logit,3,1
2019-05,0.4611198401465983,rubber,clf_logit,3,0
2019-06,0.5650935325451333,rubber,clf_logit,3,0
2019-07,0.42446380399787836,rubber,clf_logit,3,0
2019-08,0.31274615560172137,rubber,clf_logit,3,0
2019-09,0.37252112611567767,rubber,clf_logit,3,1
2019-10,0.32723934332291355,rubber,clf_logit,3,1
2019-11,0.6191444309988243,rubber,clf_logit,3,0
2019-12,0.6309789408699431,rubber,clf_logit,3,0
2020-01,0.5453184567541903,rubber,clf_logit,3,0
2020-02,0.412991023265225,rubber,clf_logit,3,0
2020-03,0.4666449646604697,rubber,clf_logit,3,0
2020-04,0.39797083158841506,rubber,clf_logit,3,1
2020-05,0.3871037901672692,rubber,clf_logit,3,1
2020-06,0.2777596551747542,rubber,clf_logit,3,1
2020-07,0.3386722386902976,rubber,clf_logit,3,1
2020-08,0.4140067939352716,rubber,clf_logit,3,1
2020-09,0.49584425239651625,rubber,clf_logit,3,1
2020-10,0.6192776906817242,rubber,clf_logit,3,0
2020-11,0.49292917441761386,rubber,clf_logit,3,0
2020-12,0.3632804877508331,rubber,clf_logit,3,0
2021-01,0.3088959710568246,rubber,clf_logit,3,0
2021-02,0.364966341387466,rubber,clf_logit,3,0
2021-03,0.3700959494673437,rubber,clf_logit,3,0
2021-04,0.38405169048358484,rubber,clf_logit,3,0
2021-05,0.3723410808513299,rubber,clf_logit,3,0
2021-06,0.34869202098240204,rubber,clf_logit,3,0
2021-07,0.3160971469452891,rubber,clf_logit,3,0
2021-08,0.3361588509570526,rubber,clf_logit,3,0
2021-09,0.3369125967440192,rubber,clf_logit,3,0
2021-10,0.32594064475904994,rubber,clf_logit,3,0
2021-11,0.31422242593972877,rubber,clf_logit,3,0
2021-12,0.421755670401506,rubber,clf_logit,3,1
2022-01,0.43143322315729593,rubber,clf_logit,3,0
2022-02,0.42561261634047187,rubber,clf_logit,3,0
2022-03,0.37861593425096346,rubber,clf_logit,3,0
2022-04,0.25405125536093465,rubber,clf_logit,3,0
2022-05,0.3679491639972188,rubber,clf_logit,3,0
2022-06,0.2566278062002255,rubber,clf_logit,3,0
2022-07,0.31498952694131205,rubber,clf_logit,3,0
2022-08,0.36265040987786196,rubber,clf_logit,3,0
2022-09,0.22847312671088632,rubber,clf_logit,3,0
2022-10,0.32657372513867744,rubber,clf_logit,3,0
2022-11,0.35025070705077704,rubber,clf_logit,3,1
2022-12,0.30909785043807536,rubber,clf_logit,3,0
2023-01,0.33332562536770366,rubber,clf_logit,3,0
2023-02,0.3481438186800725,rubber,clf_logit,3,0
2023-03,0.33255536566797445,rubber,clf_logit,3,0
2023-04,0.30547431467454483,rubber,clf_logit,3,0
2023-05,0.28351138306828205,rubber,clf_logit,3,0
2023-06,0.33810405648576575,rubber,clf_logit,3,0
2023-07,0.3409208805385156,rubber,clf_logit,3,0
2023-08,0.24072086607098517,rubber,clf_logit,3,1
2023-09,0.23901633227770067,rubber,clf_logit,3,0
2023-10,0.4229331146820177,rubber,clf_logit,3,1
2023-11,0.44795075371877574,rubber,clf_logit,3,1
2023-12,0.4375609713540713,rubber,clf_logit,3,1
2024-01,0.4897229400692859,rubber,clf_logit,3,1
2024-02,0.5092754683747565,rubber,clf_logit,3,1
2024-03,0.5328471578854205,rubber,clf_logit,3,0
2024-04,0.5429194508093825,rubber,clf_logit,3,0
2024-05,0.3918797023017098,rubber,clf_logit,3,1
2024-06,0.4382407808217881,rubber,clf_logit,3,1
2024-07,0.3971910088734699,rubber,clf_logit,3,1
2024-08,0.38344744211682036,rubber,clf_logit,3,1
2024-09,0.4985940614666674,rubber,clf_logit,3,0
2024-10,0.542834433518402,rubber,clf_logit,3,0
2024-11,0.3939203658350939,rubber,clf_logit,3,0
2024-12,0.29476894702790274,rubber,clf_logit,3,0
2025-01,0.2845361241259911,rubber,clf_logit,3,0
2025-02,0.3644037706749874,rubber,clf_logit,3,0
2025-03,0.3388966539501542,rubber,clf_logit,3,0
2025-04,0.2795102451387291,rubber,clf_logit,3,0
2025-05,0.26694607106047513,rubber,clf_logit,3,0
2025-06,0.27299161453482207,rubber,clf_logit,3,0
2025-07,0.27746994042310275,rubber,clf_logit,3,0
2025-08,0.28920593608170586,rubber,clf_logit,3,0
2025-09,0.3485831167891042,rubber,clf_logit,3,0
2016-01,0.5986279536992131,rubber,clf_logit,6,1
2016-02,0.6543608649579006,rubber,clf_logit,6,1
2016-03,0.6911728919414488,rubber,clf_logit,6,1
2016-04,0.7940574194366777,rubber,clf_logit,6,0
2016-05,0.8132685005766347,rubber,clf_logit,6,1
2016-06,0.8283159269761657,rubber,clf_logit,6,1
2016-07,0.7212212131848544,rubber,clf_logit,6,1
2016-08,0.7609784919731313,rubber,clf_logit,6,1
2016-09,0.8004028182190112,rubber,clf_logit,6,1
2016-10,0.723873433177398,rubber,clf_logit,6,1
2016-11,0.6937085543493472,rubber,clf_logit,6,1
2016-12,0.6393486791935186,rubber,clf_logit,6,1
2017-01,0.70607926926292,rubber,clf_logit,6,0
2017-02,0.6284967951523195,rubber,clf_logit,6,0
2017-03,0.5030929688944102,rubber,clf_logit,6,0
2017-04,0.41978201779143137,rubber,clf_logit,6,0
2017-05,0.38970655593916803,rubber,clf_logit,6,0
2017-06,0.36658964015682327,rubber,clf_logit,6,0
2017-07,0.3825278067772249,rubber,clf_logit,6,0
2017-08,0.48253399595293783,rubber,clf_logit,6,0
2017-09,0.6491008793814831,rubber,clf_logit,6,0
2017-10,0.7432804330757474,rubber,clf_logit,6,0
2017-11,0.6463663418675959,rubber,clf_logit,6,1
2017-12,0.5848925240077086,rubber,clf_logit,6,0
2018-01,0.5815333344859451,rubber,clf_logit,6,0
2018-02,0.6305669430540654,rubber,clf_logit,6,0
2018-03,0.4473195648696749,rubber,clf_logit,6,0
2018-04,0.4036549715313002,rubber,clf_logit,6,0
2018-05,0.4185096351562115,rubber,clf_logit,6,0
2018-06,0.32676183308696144,rubber,clf_logit,6,0
2018-07,0.3019019299820197,rubber,clf_logit,6,0
2018-08,0.3407994012079264,rubber,clf_logit,6,1
2018-09,0.45179177640760104,rubber,clf_logit,6,1
2018-10,0.5867401380788893,rubber,clf_logit,6,1
2018-11,0.5713279055451493,rubber,clf_logit,6,1
2018-12,0.5125338223791818,rubber,clf_logit,6,1
2019-01,0.6089603573356073,rubber,clf_logit,6,1
2019-02,0.6341487695566189,rubber,clf_logit,6,1
2019-03,0.6979609268379581,rubber,clf_logit,6,1
2019-04,0.7086552686678427,rubber,clf_logit,6,1
2019-05,0.7023442029279071,rubber,clf_logit,6,0
2019-06,0.7802590777428425,rubber,clf_logit,6,0
2019-07,0.6842528532217681,rubber,clf_logit,6,0
2019-08,0.5642145712653034,rubber,clf_logit,6,1
2019-09,0.6448862386112605,rubber,clf_logit,6,1
2019-10,0.5920435341366774,rubber,clf_logit,6,1
2019-11,0.8256556356906485,rubber,clf_logit,6,0
2019-12,0.8067966806616603,rubber,clf_logit,6,0
2020-01,0.7240765422679972,rubber,clf_logit,6,0
2020-02,0.6410009972503593,rubber,clf_logit,6,0
2020-03,0.7205111885258371,rubber,clf_logit,6,1
2020-04,0.6544788730265322,rubber,clf_logit,6,1
2020-05,0.6261002472354067,rubber,clf_logit,6,1
2020-06,0.5642747324626353,rubber,clf_logit,6,1
2020-07,0.5936601212452619,rubber,clf_logit,6,1
2020-08,0.6317952017177602,rubber,clf_logit,6,1
2020-09,0.7088180591275024,rubber,clf_logit,6,1
2020-10,0.7387869798139529,rubber,clf_logit,6,0
2020-11,0.6545672381438955,rubber,clf_logit,6,0
2020-12,0.5080936424584822,rubber,clf_logit,6,0
2021-01,0.4323604505835607,rubber,clf_logit,6,0
2021-02,0.445333483021849,rubber,clf_logit,6,0
2021-03,0.4766693689880514,rubber,clf_logit,6,0
2021-04,0.45189742254241805,rubber,clf_logit,6,0
2021-05,0.45425120653652706,rubber,clf_logit,6,0
2021-06,0.4234703024113464,rubber,clf_logit,6,0
2021-07,0.40474153536434593,rubber,clf_logit,6,0
2021-08,0.4215249858309928,rubber,clf_logit,6,1
2021-09,0.4583444642475471,rubber,clf_logit,6,1
2021-10,0.4633162984277134,rubber,clf_logit,6,1
2021-11,0.4900196473553632,rubber,clf_logit,6,0
2021-12,0.5575155506337434,rubber,clf_logit,6,1
2022-01,0.5928893574336233,rubber,clf_logit,6,0
2022-02,0.542976659213543,rubber,clf_logit,6,0
2022-03,0.4978357131906162,rubber,clf_logit,6,0
2022-04,0.40299848310215797,rubber,clf_logit,6,0
2022-05,0.4699311763357049,rubber,clf_logit,6,0
2022-06,0.3594883046313873,rubber,clf_logit,6,0
2022-07,0.38113722607158823,rubber,clf_logit,6,0
2022-08,0.522951339233639,rubber,clf_logit,6,0
2022-09,0.35873244096706663,rubber,clf_logit,6,1
2022-10,0.458346676964523,rubber,clf_logit,6,0
2022-11,0.4857231652268794,rubber,clf_logit,6,1
2022-12,0.4087138216895599,rubber,clf_logit,6,0
2023-01,0.4103123682401027,rubber,clf_logit,6,0
2023-02,0.41226341521322396,rubber,clf_logit,6,0
2023-03,0.38472668623008155,rubber,clf_logit,6,0
2023-04,0.3346097479822979,rubber,clf_logit,6,0
2023-05,0.3693536339911727,rubber,clf_logit,6,0
2023-06,0.4452413821006086,rubber,clf_logit,6,0
2023-07,0.5158210309787908,rubber,clf_logit,6,1
2023-08,0.48616980650326963,rubber,clf_logit,6,1
2023-09,0.5009863938705967,rubber,clf_logit,6,1
2023-10,0.6472809099274368,rubber,clf_logit,6,1
2023-11,0.6829077105786228,rubber,clf_logit,6,1
2023-12,0.6599972683268459,rubber,clf_logit,6,1
2024-01,0.7473894665623929,rubber,clf_logit,6,1
2024-02,0.7606579538934133,rubber,clf_logit,6,1
2024-03,0.7962149462920723,rubber,clf_logit,6,1
2024-04,0.7949107294011959,rubber,clf_logit,6,1
2024-05,0.7224154078675464,rubber,clf_logit,6,1
2024-06,0.7247230778256873,rubber,clf_logit,6,1
2024-07,0.7491958611870342,rubber,clf_logit,6,1
2024-08,0.6617772371178505,rubber,clf_logit,6,1
2024-09,0.7161576049926414,rubber,clf_logit,6,0
2024-10,0.6898174530456811,rubber,clf_logit,6,0
2024-11,0.6143262593117224,rubber,clf_logit,6,0
2024-12,0.4966465560680721,rubber,clf_logit,6,0
2025-01,0.4562944629480495,rubber,clf_logit,6,0
2025-02,0.47097714468694757,rubber,clf_logit,6,0
2025-03,0.4272573275138673,rubber,clf_logit,6,0
2025-04,0.36316502018946356,rubber,clf_logit,6,0
2025-05,0.37211332297053223,rubber,clf_logit,6,0
2025-06,0.40236423408461813,rubber,clf_logit,6,0
2016-01,0.832035008816638,rubber,clf_logit,9,1
2016-02,0.8703489267367485,rubber,clf_logit,9,1
2016-03,0.8984017507826284,rubber,clf_logit,9,1
2016-04,0.9323396121435641,rubber,clf_logit,9,1
2016-05,0.9147381766652252,rubber,clf_logit,9,1
2016-06,0.915240844539771,rubber,clf_logit,9,1
2016-07,0.8699107696217808,rubber,clf_logit,9,1
2016-08,0.8705238273699263,rubber,clf_logit,9,1
2016-09,0.8607466243955254,rubber,clf_logit,9,1
2016-10,0.7845758181255141,rubber,clf_logit,9,1
2016-11,0.7508756184448099,rubber,clf_logit,9,1
2016-12,0.7135767529844939,rubber,clf_logit,9,1
2017-01,0.769046365269071,rubber,clf_logit,9,0
2017-02,0.7086438353571737,rubber,clf_logit,9,0
2017-03,0.617959365473268,rubber,clf_logit,9,0
2017-04,0.5192114953500616,rubber,clf_logit,9,0
2017-05,0.48672253967226,rubber,clf_logit,9,0
2017-06,0.46835487748261906,rubber,clf_logit,9,0
2017-07,0.5105467059822644,rubber,clf_logit,9,0
2017-08,0.5802582047285553,rubber,clf_logit,9,0
2017-09,0.7324776777227365,rubber,clf_logit,9,0
2017-10,0.7777043167647972,rubber,clf_logit,9,0
2017-11,0.7037549690007883,rubber,clf_logit,9,1
2017-12,0.6570757670507621,rubber,clf_logit,9,0
2018-01,0.6151970826762864,rubber,clf_logit,9,0
2018-02,0.6258939176794016,rubber,clf_logit,9,0
2018-03,0.4950360163072709,rubber,clf_logit,9,0
2018-04,0.44280065330571733,rubber,clf_logit,9,0
2018-05,0.45416600630362336,rubber,clf_logit,9,0
2018-06,0.3823046715972826,rubber,clf_logit,9,1
2018-07,0.34988668342652,rubber,clf_logit,9,1
2018-08,0.40830948373182024,rubber,clf_logit,9,1
2018-09,0.5888762424185026,rubber,clf_logit,9,1
2018-10,0.6794119666543965,rubber,clf_logit,9,1
2018-11,0.6728296196375587,rubber,clf_logit,9,1
2018-12,0.6668062885522454,rubber,clf_logit,9,1
2019-01,0.755452342840384,rubber,clf_logit,9,1
2019-02,0.774609197883817,rubber,clf_logit,9,1
2019-03,0.8050677451545287,rubber,clf_logit,9,1
2019-04,0.8263177615489509,rubber,clf_logit,9,1
2019-05,0.8342502600209504,rubber,clf_logit,9,0
2019-06,0.8764600419318948,rubber,clf_logit,9,0
2019-07,0.7765649517461309,rubber,clf_logit,9,0
2019-08,0.6839147243385031,rubber,clf_logit,9,1
2019-09,0.7442985087939891,rubber,clf_logit,9,1
2019-10,0.7023303461385474,rubber,clf_logit,9,1
2019-11,0.8865718631154637,rubber,clf_logit,9,1
2019-12,0.8700465934096562,rubber,clf_logit,9,1
2020-01,0.8624458332359939,rubber,clf_logit,9,1
2020-02,0.8146306358224518,rubber,clf_logit,9,1
2020-03,0.8544045678845421,rubber,clf_logit,9,1
2020-04,0.7607039824205095,rubber,clf_logit,9,1
2020-05,0.7434357221864494,rubber,clf_logit,9,1
2020-06,0.6579917968598343,rubber,clf_logit,9,1
2020-07,0.6854085546305251,rubber,clf_logit,9,1
2020-08,0.7026309889024337,rubber,clf_logit,9,1
2020-09,0.7323446315350717,rubber,clf_logit,9,1
2020-10,0.7490625817834963,rubber,clf_logit,9,0
2020-11,0.6928955695086095,rubber,clf_logit,9,0
2020-12,0.5615151564789763,rubber,clf_logit,9,0
2021-01,0.5019241187473551,rubber,clf_logit,9,0
2021-02,0.5132459389510907,rubber,clf_logit,9,0
2021-03,0.5355589282027631,rubber,clf_logit,9,0
2021-04,0.518311762810906,rubber,clf_logit,9,0
2021-05,0.5178077074794751,rubber,clf_logit,9,0
2021-06,0.4850308239116825,rubber,clf_logit,9,0
2021-07,0.476621511792262,rubber,clf_logit,9,1
2021-08,0.46773201357435235,rubber,clf_logit,9,1
2021-09,0.5063216668415338,rubber,clf_logit,9,1
2021-10,0.5216194529415698,rubber,clf_logit,9,1
2021-11,0.543565431626695,rubber,clf_logit,9,0
2021-12,0.5772422778656798,rubber,clf_logit,9,1
2022-01,0.6078311891157241,rubber,clf_logit,9,0
2022-02,0.5268901979202876,rubber,clf_logit,9,0
2022-03,0.532061400212235,rubber,clf_logit,9,0
2022-04,0.42797676772291776,rubber,clf_logit,9,0
2022-05,0.4813627238819292,rubber,clf_logit,9,0
2022-06,0.41777556982910485,rubber,clf_logit,9,0
2022-07,0.37161018425912806,rubber,clf_logit,9,0
2022-08,0.5169306123201235,rubber,clf_logit,9,0
2022-09,0.40575763461080866,rubber,clf_logit,9,1
2022-10,0.4497957659415516,rubber,clf_logit,9,0
2022-11,0.49464519991675127,rubber,clf_logit,9,1
2022-12,0.42169558763100573,rubber,clf_logit,9,0
2023-01,0.41847959048261607,rubber,clf_logit,9,0
2023-02,0.4181971661928006,rubber,clf_logit,9,0
2023-03,0.37974321864435007,rubber,clf_logit,9,0
2023-04,0.37986764596053807,rubber,clf_logit,9,1
2023-05,0.5258057391893136,rubber,clf_logit,9,1
2023-06,0.6194952140915035,rubber,clf_logit,9,1
2023-07,0.7025412242714794,rubber,clf_logit,9,1
2023-08,0.729793502656241,rubber,clf_logit,9,1
2023-09,0.7421597797241717,rubber,clf_logit,9,1
2023-10,0.8124131062376558,rubber,clf_logit,9,1
2023-11,0.8339282976744261,rubber,clf_logit,9,1
2023-12,0.8293396224836175,rubber,clf_logit,9,1
2024-01,0.8881017206920917,rubber,clf_logit,9,1
2024-02,0.8960192832293957,rubber,clf_logit,9,1
2024-03,0.908977357902144,rubber,clf_logit,9,1
2024-04,0.9142055183668051,rubber,clf_logit,9,1
2024-05,0.8126017708080432,rubber,clf_logit,9,1
2024-06,0.8077823705898484,rubber,clf_logit,9,1
2024-07,0.8079306208777268,rubber,clf_logit,9,1
2024-08,0.7517228448982944,rubber,clf_logit,9,1
2024-09,0.7674322984075279,rubber,clf_logit,9,0
2024-10,0.7230036776769804,rubber,clf_logit,9,0
2024-11,0.6401796749095591,rubber,clf_logit,9,0
2024-12,0.5788576427130944,rubber,clf_logit,9,0
2025-01,0.489985091833181,rubber,clf_logit,9,0
2025-02,0.5166765424330058,rubber,clf_logit,9,0
2025-03,0.4804692303240424,rubber,clf_logit,9,0
2016-01,0.32453134655952454,rubber,clf_xgb,3,1
2016-02,0.32768577337265015,rubber,clf_xgb,3,1
2016-03,0.42023760080337524,rubber,clf_xgb,3,1
2016-04,0.41674453020095825,rubber,clf_xgb,3,0
2016-05,0.48957201838493347,rubber,clf_xgb,3,0
2016-06,0.36573538184165955,rubber,clf_xgb,3,0
2016-07,0.34399500489234924,rubber,clf_xgb,3,0
2016-08,0.3820510506629944,rubber,clf_xgb,3,1
2016-09,0.4566207528114319,rubber,clf_xgb,3,1
2016-10,0.41119199991226196,rubber,clf_xgb,3,1
2016-11,0.5110608339309692,rubber,clf_xgb,3,1
2016-12,0.5060457587242126,rubber,clf_xgb,3,1
2017-01,0.5444130301475525,rubber,clf_xgb,3,0
2017-02,0.5546186566352844,rubber,clf_xgb,3,0
2017-03,0.4632888436317444,rubber,clf_xgb,3,0
2017-04,0.39585113525390625,rubber,clf_xgb,3,0
2017-05,0.339568167924881,rubber,clf_xgb,3,0
2017-06,0.33627766370773315,rubber,clf_xgb,3,0
2017-07,0.41269516944885254,rubber,clf_xgb,3,0
2017-08,0.37520942091941833,rubber,clf_xgb,3,0
2017-09,0.5155343413352966,rubber,clf_xgb,3,0
2017-10,0.42686697840690613,rubber,clf_xgb,3,0
2017-11,0.43803808093070984,rubber,clf_xgb,3,0
2017-12,0.4024447500705719,rubber,clf_xgb,3,0
2018-01,0.41739434003829956,rubber,clf_xgb,3,0
2018-02,0.5005117058753967,rubber,clf_xgb,3,0
2018-03,0.4001718759536743,rubber,clf_xgb,3,0
2018-04,0.3191315531730652,rubber,clf_xgb,3,0
2018-05,0.3210868537425995,rubber,clf_xgb,3,0
2018-06,0.32585960626602173,rubber,clf_xgb,3,0
2018-07,0.3239732086658478,rubber,clf_xgb,3,0
2018-08,0.35625067353248596,rubber,clf_xgb,3,0
2018-09,0.32723188400268555,rubber,clf_xgb,3,0
2018-10,0.31876644492149353,rubber,clf_xgb,3,1
2018-11,0.34424474835395813,rubber,clf_xgb,3,1
2018-12,0.3263069689273834,rubber,clf_xgb,3,1
2019-01,0.45463961362838745,rubber,clf_xgb,3,0
2019-02,0.4596327841281891,rubber,clf_xgb,3,0
2019-03,0.4768391251564026,rubber,clf_xgb,3,1
2019-04,0.43089523911476135,rubber,clf_xgb,3,1
2019-05,0.3809862434864044,rubber,clf_xgb,3,0
2019-06,0.49719661474227905,rubber,clf_xgb,3,0
2019-07,0.38038569688796997,rubber,clf_xgb,3,0
2019-08,0.32090505957603455,rubber,clf_xgb,3,0
2019-09,0.36995306611061096,rubber,clf_xgb,3,1
2019-10,0.3562743067741394,rubber,clf_xgb,3,1
2019-11,0.36995306611061096,rubber,clf_xgb,3,0
2019-12,0.4770236015319824,rubber,clf_xgb,3,0
2020-01,0.4519858956336975,rubber,clf_xgb,3,0
2020-02,0.33779752254486084,rubber,clf_xgb,3,0
2020-03,0.3716594874858856,rubber,clf_xgb,3,0
2020-04,0.3626015782356262,rubber,clf_xgb,3,1
2020-05,0.353054404258728,rubber,clf_xgb,3,1
2020-06,0.3384590148925781,rubber,clf_xgb,3,1
2020-07,0.44142916798591614,rubber,clf_xgb,3,1
2020-08,0.45430997014045715,rubber,clf_xgb,3,1
2020-09,0.4637981057167053,rubber,clf_xgb,3,1
2020-10,0.5149601697921753,rubber,clf_xgb,3,0
2020-11,0.5106140971183777,rubber,clf_xgb,3,0
2020-12,0.4349507987499237,rubber,clf_xgb,3,0
2021-01,0.2985004484653473,rubber,clf_xgb,3,0
2021-02,0.32485631108283997,rubber,clf_xgb,3,0
2021-03,0.34710800647735596,rubber,clf_xgb,3,0
2021-04,0.40144848823547363,rubber,clf_xgb,3,0
2021-05,0.3828333020210266,rubber,clf_xgb,3,0
2021-06,0.3960438668727875,rubber,clf_xgb,3,0
2021-07,0.35886111855506897,rubber,clf_xgb,3,0
2021-08,0.35050007700920105,rubber,clf_xgb,3,0
2021-09,0.36949023604393005,rubber,clf_xgb,3,0
2021-10,0.3614729940891266,rubber,clf_xgb,3,0
2021-11,0.36669227480888367,rubber,clf_xgb,3,0
2021-12,0.3646107614040375,rubber,clf_xgb,3,1
2022-01,0.32224202156066895,rubber,clf_xgb,3,0
2022-02,0.4248434901237488,rubber,clf_xgb,3,0
2022-03,0.3888217806816101,rubber,clf_xgb,3,0
2022-04,0.3143194615840912,rubber,clf_xgb,3,0
2022-05,0.33954042196273804,rubber,clf_xgb,3,0
2022-06,0.27762219309806824,rubber,clf_xgb,3,0
2022-07,0.28513434529304504,rubber,clf_xgb,3,0
2022-08,0.312606543302536,rubber,clf_xgb,3,0
2022-09,0.27341899275779724,rubber,clf_xgb,3,0
2022-10,0.33954042196273804,rubber,clf_xgb,3,0
2022-11,0.28602802753448486,rubber,clf_xgb,3,1
2022-12,0.29526597261428833,rubber,clf_xgb,3,0
2023-01,0.3444790244102478,rubber,clf_xgb,3,0
2023-02,0.3690246045589447,rubber,clf_xgb,3,0
2023-03,0.28514108061790466,rubber,clf_xgb,3,0
2023-04,0.295599102973938,rubber,clf_xgb,3,0
2023-05,0.2575175166130066,rubber,clf_xgb,3,0
2023-06,0.28136780858039856,rubber,clf_xgb,3,0
2023-07,0.2732587158679962,rubber,clf_xgb,3,0
2023-08,0.25436562299728394,rubber,clf_xgb,3,1
2023-09,0.28554847836494446,rubber,clf_xgb,3,0
2023-10,0.4596687853336334,rubber,clf_xgb,3,1
2023-11,0.5169041752815247,rubber,clf_xgb,3,1
2023-12,0.4310840666294098,rubber,clf_xgb,3,1
2024-01,0.5156633257865906,rubber,clf_xgb,3,1
2024-02,0.4680713415145874,rubber,clf_xgb,3,1
2024-03,0.4627896249294281,rubber,clf_xgb,3,0
2024-04,0.4882392883300781,rubber,clf_xgb,3,0
2024-05,0.3594898581504822,rubber,clf_xgb,3,1
2024-06,0.36100897192955017,rubber,clf_xgb,3,1
2024-07,0.33593180775642395,rubber,clf_xgb,3,1
2024-08,0.41451770067214966,rubber,clf_xgb,3,1
2024-09,0.4671958386898041,rubber,clf_xgb,3,0
2024-10,0.49706488847732544,rubber,clf_xgb,3,0
2024-11,0.36933407187461853,rubber,clf_xgb,3,0
2024-12,0.3380119800567627,rubber,clf_xgb,3,0
2025-01,0.37382063269615173,rubber,clf_xgb,3,0
2025-02,0.32664474844932556,rubber,clf_xgb,3,0
2025-03,0.2957310974597931,rubber,clf_xgb,3,0
2025-04,0.29539042711257935,rubber,clf_xgb,3,0
2025-05,0.30414798855781555,rubber,clf_xgb,3,0
2025-06,0.24756495654582977,rubber,clf_xgb,3,0
2025-07,0.2290482521057129,rubber,clf_xgb,3,0
2025-08,0.30318382382392883,rubber,clf_xgb,3,0
2025-09,0.36670607328414917,rubber,clf_xgb,3,0
2016-01,0.5086291432380676,rubber,clf_xgb,6,1
2016-02,0.5170183181762695,rubber,clf_xgb,6,1
2016-03,0.6302258968353271,rubber,clf_xgb,6,1
2016-04,0.6302258968353271,rubber,clf_xgb,6,0
2016-05,0.6854506134986877,rubber,clf_xgb,6,1
2016-06,0.6274240612983704,rubber,clf_xgb,6,1
2016-07,0.5595782995223999,rubber,clf_xgb,6,1
2016-08,0.6189749836921692,rubber,clf_xgb,6,1
2016-09,0.6490171551704407,rubber,clf_xgb,6,1
2016-10,0.5790695548057556,rubber,clf_xgb,6,1
2016-11,0.6829304099082947,rubber,clf_xgb,6,1
2016-12,0.6787468791007996,rubber,clf_xgb,6,1
2017-01,0.6567149758338928,rubber,clf_xgb,6,0
2017-02,0.6475587487220764,rubber,clf_xgb,6,0
2017-03,0.569402277469635,rubber,clf_xgb,6,0
2017-04,0.48614951968193054,rubber,clf_xgb,6,0
2017-05,0.4437998831272125,rubber,clf_xgb,6,0
2017-06,0.4369770288467407,rubber,clf_xgb,6,0
2017-07,0.5374942421913147,rubber,clf_xgb,6,0
2017-08,0.616510808467865,rubber,clf_xgb,6,0
2017-09,0.672520637512207,rubber,clf_xgb,6,0
2017-10,0.6160094738006592,rubber,clf_xgb,6,0
2017-11,0.620378315448761,rubber,clf_xgb,6,1
2017-12,0.553857684135437,rubber,clf_xgb,6,0
2018-01,0.5486586093902588,rubber,clf_xgb,6,0
2018-02,0.6019428372383118,rubber,clf_xgb,6,0
2018-03,0.4387316107749939,rubber,clf_xgb,6,0
2018-04,0.43125632405281067,rubber,clf_xgb,6,0
2018-05,0.4192649722099304,rubber,clf_xgb,6,0
2018-06,0.4003320634365082,rubber,clf_xgb,6,0
2018-07,0.3891009986400604,rubber,clf_xgb,6,0
2018-08,0.4274856746196747,rubber,clf_xgb,6,1
2018-09,0.42276427149772644,rubber,clf_xgb,6,1
2018-10,0.4461122751235962,rubber,clf_xgb,6,1
2018-11,0.49115848541259766,rubber,clf_xgb,6,1
2018-12,0.4882040023803711,rubber,clf_xgb,6,1
2019-01,0.6153662204742432,rubber,clf_xgb,6,1
2019-02,0.6245867609977722,rubber,clf_xgb,6,1
2019-03,0.6241483688354492,rubber,clf_xgb,6,1
2019-04,0.5765959024429321,rubber,clf_xgb,6,1
2019-05,0.5890387892723083,rubber,clf_xgb,6,0
2019-06,0.6764150261878967,rubber,clf_xgb,6,0
2019-07,0.6105201244354248,rubber,clf_xgb,6,0
2019-08,0.5370553731918335,rubber,clf_xgb,6,1
2019-09,0.6039239168167114,rubber,clf_xgb,6,1
2019-10,0.5990108847618103,rubber,clf_xgb,6,1
2019-11,0.6150808334350586,rubber,clf_xgb,6,0
2019-12,0.6557438373565674,rubber,clf_xgb,6,0
2020-01,0.6507573127746582,rubber,clf_xgb,6,0
2020-02,0.5927208662033081,rubber,clf_xgb,6,0
2020-03,0.6070894002914429,rubber,clf_xgb,6,1
2020-04,0.5892419815063477,rubber,clf_xgb,6,1
2020-05,0.5892419815063477,rubber,clf_xgb,6,1
2020-06,0.5945983529090881,rubber,clf_xgb,6,1
2020-07,0.6471412777900696,rubber,clf_xgb,6,1
2020-08,0.6437585949897766,rubber,clf_xgb,6,1
2020-09,0.6238858103752136,rubber,clf_xgb,6,1
2020-10,0.6247851848602295,rubber,clf_xgb,6,0
2020-11,0.643750786781311,rubber,clf_xgb,6,0
2020-12,0.5627457499504089,rubber,clf_xgb,6,0
2021-01,0.45063140988349915,rubber,clf_xgb,6,0
2021-02,0.4337749779224396,rubber,clf_xgb,6,0
2021-03,0.5217716693878174,rubber,clf_xgb,6,0
2021-04,0.5277759432792664,rubber,clf_xgb,6,0
2021-05,0.4994436800479889,rubber,clf_xgb,6,0
2021-06,0.5064029097557068,rubber,clf_xgb,6,0
2021-07,0.47895491123199463,rubber,clf_xgb,6,0
2021-08,0.4958532452583313,rubber,clf_xgb,6,1
2021-09,0.4926353096961975,rubber,clf_xgb,6,1
2021-10,0.5144732594490051,rubber,clf_xgb,6,1
2021-11,0.5491344928741455,rubber,clf_xgb,6,0
2021-12,0.4707682430744171,rubber,clf_xgb,6,1
2022-01,0.4332973062992096,rubber,clf_xgb,6,0
2022-02,0.48398399353027344,rubber,clf_xgb,6,0
2022-03,0.5310788154602051,rubber,clf_xgb,6,0
2022-04,0.4740508198738098,rubber,clf_xgb,6,0
2022-05,0.4517243504524231,rubber,clf_xgb,6,0
2022-06,0.39878034591674805,rubber,clf_xgb,6,0
2022-07,0.3446567952632904,rubber,clf_xgb,6,0
2022-08,0.4116814136505127,rubber,clf_xgb,6,0
2022-09,0.42192575335502625,rubber,clf_xgb,6,1
2022-10,0.43975406885147095,rubber,clf_xgb,6,0
2022-11,0.3809168040752411,rubber,clf_xgb,6,1
2022-12,0.4066683351993561,rubber,clf_xgb,6,0
2023-01,0.3749600648880005,rubber,clf_xgb,6,0
2023-02,0.37284886837005615,rubber,clf_xgb,6,0
2023-03,0.3142291307449341,rubber,clf_xgb,6,0
2023-04,0.295747846364975,rubber,clf_xgb,6,0
2023-05,0.34571710228919983,rubber,clf_xgb,6,0
2023-06,0.43215760588645935,rubber,clf_xgb,6,0
2023-07,0.43908876180648804,rubber,clf_xgb,6,1
2023-08,0.4887267053127289,rubber,clf_xgb,6,1
2023-09,0.5287846326828003,rubber,clf_xgb,6,1
2023-10,0.6532355546951294,rubber,clf_xgb,6,1
2023-11,0.6973779797554016,rubber,clf_xgb,6,1
2023-12,0.6678431630134583,rubber,clf_xgb,6,1
2024-01,0.6537835001945496,rubber,clf_xgb,6,1
2024-02,0.6629866361618042,rubber,clf_xgb,6,1
2024-03,0.6506317257881165,rubber,clf_xgb,6,1
2024-04,0.7002760767936707,rubber,clf_xgb,6,1
2024-05,0.6787017583847046,rubber,clf_xgb,6,1
2024-06,0.6072895526885986,rubber,clf_xgb,6,1
2024-07,0.6052876710891724,rubber,clf_xgb,6,1
2024-08,0.6486823558807373,rubber,clf_xgb,6,1
2024-09,0.53782719373703,rubber,clf_xgb,6,0
2024-10,0.49809008836746216,rubber,clf_xgb,6,0
2024-11,0.5952350497245789,rubber,clf_xgb,6,0
2024-12,0.5758371353149414,rubber,clf_xgb,6,0
2025-01,0.5729155540466309,rubber,clf_xgb,6,0
2025-02,0.4765622019767761,rubber,clf_xgb,6,0
2025-03,0.41784292459487915,rubber,clf_xgb,6,0
2025-04,0.3226844072341919,rubber,clf_xgb,6,0
2025-05,0.41488638520240784,rubber,clf_xgb,6,0
2025-06,0.44423601031303406,rubber,clf_xgb,6,0
2016-01,0.6827965378761292,rubber,clf_xgb,9,1
2016-02,0.6827965378761292,rubber,clf_xgb,9,1
2016-03,0.7458712458610535,rubber,clf_xgb,9,1
2016-04,0.7458712458610535,rubber,clf_xgb,9,1
2016-05,0.7600855231285095,rubber,clf_xgb,9,1
2016-06,0.7228352427482605,rubber,clf_xgb,9,1
2016-07,0.7072640061378479,rubber,clf_xgb,9,1
2016-08,0.7228352427482605,rubber,clf_xgb,9,1
2016-09,0.7600855231285095,rubber,clf_xgb,9,1
2016-10,0.6863399147987366,rubber,clf_xgb,9,1
2016-11,0.7184497117996216,rubber,clf_xgb,9,1
2016-12,0.7130656838417053,rubber,clf_xgb,9,1
2017-01,0.6720079779624939,rubber,clf_xgb,9,0
2017-02,0.6720079779624939,rubber,clf_xgb,9,0
2017-03,0.6004785299301147,rubber,clf_xgb,9,0
2017-04,0.6057894825935364,rubber,clf_xgb,9,0
2017-05,0.5701693892478943,rubber,clf_xgb,9,0
2017-06,0.5213538408279419,rubber,clf_xgb,9,0
2017-07,0.615850567817688,rubber,clf_xgb,9,0
2017-08,0.7278549671173096,rubber,clf_xgb,9,0
2017-09,0.7651304602622986,rubber,clf_xgb,9,0
2017-10,0.7339320778846741,rubber,clf_xgb,9,0
2017-11,0.7364450693130493,rubber,clf_xgb,9,1
2017-12,0.6882249116897583,rubber,clf_xgb,9,0
2018-01,0.6164302229881287,rubber,clf_xgb,9,0
2018-02,0.6444622874259949,rubber,clf_xgb,9,0
2018-03,0.48815619945526123,rubber,clf_xgb,9,0
2018-04,0.44696468114852905,rubber,clf_xgb,9,0
2018-05,0.46649104356765747,rubber,clf_xgb,9,0
2018-06,0.45314207673072815,rubber,clf_xgb,9,1
2018-07,0.4443838894367218,rubber,clf_xgb,9,1
2018-08,0.46959224343299866,rubber,clf_xgb,9,1
2018-09,0.47781771421432495,rubber,clf_xgb,9,1
2018-10,0.5191613435745239,rubber,clf_xgb,9,1
2018-11,0.6072485446929932,rubber,clf_xgb,9,1
2018-12,0.5922335386276245,rubber,clf_xgb,9,1
2019-01,0.7245208621025085,rubber,clf_xgb,9,1
2019-02,0.7299028038978577,rubber,clf_xgb,9,1
2019-03,0.7186070084571838,rubber,clf_xgb,9,1
2019-04,0.6912546753883362,rubber,clf_xgb,9,1
2019-05,0.7251953482627869,rubber,clf_xgb,9,0
2019-06,0.7833561897277832,rubber,clf_xgb,9,0
2019-07,0.7286083698272705,rubber,clf_xgb,9,0
2019-08,0.7018247842788696,rubber,clf_xgb,9,1
2019-09,0.7286083698272705,rubber,clf_xgb,9,1
2019-10,0.7286083698272705,rubber,clf_xgb,9,1
2019-11,0.7286083698272705,rubber,clf_xgb,9,1
2019-12,0.7602008581161499,rubber,clf_xgb,9,1
2020-01,0.7768458127975464,rubber,clf_xgb,9,1
2020-02,0.7118926644325256,rubber,clf_xgb,9,1
2020-03,0.7241888046264648,rubber,clf_xgb,9,1
2020-04,0.7305968999862671,rubber,clf_xgb,9,1
2020-05,0.7260755896568298,rubber,clf_xgb,9,1
2020-06,0.7177101373672485,rubber,clf_xgb,9,1
2020-07,0.7618552446365356,rubber,clf_xgb,9,1
2020-08,0.7666690349578857,rubber,clf_xgb,9,1
2020-09,0.6888784766197205,rubber,clf_xgb,9,1
2020-10,0.6727055311203003,rubber,clf_xgb,9,0
2020-11,0.7084220051765442,rubber,clf_xgb,9,0
2020-12,0.5975220799446106,rubber,clf_xgb,9,0
2021-01,0.48491933941841125,rubber,clf_xgb,9,0
2021-02,0.49520567059516907,rubber,clf_xgb,9,0
2021-03,0.5281912684440613,rubber,clf_xgb,9,0
2021-04,0.6064050197601318,rubber,clf_xgb,9,0
2021-05,0.5884231925010681,rubber,clf_xgb,9,0
2021-06,0.5944313406944275,rubber,clf_xgb,9,0
2021-07,0.5717838406562805,rubber,clf_xgb,9,1
2021-08,0.566203236579895,rubber,clf_xgb,9,1
2021-09,0.5666376948356628,rubber,clf_xgb,9,1
2021-10,0.5722169876098633,rubber,clf_xgb,9,1
2021-11,0.5843878984451294,rubber,clf_xgb,9,0
2021-12,0.47473353147506714,rubber,clf_xgb,9,1
2022-01,0.4512094557285309,rubber,clf_xgb,9,0
2022-02,0.4801580011844635,rubber,clf_xgb,9,0
2022-03,0.5599996447563171,rubber,clf_xgb,9,0
2022-04,0.5236533284187317,rubber,clf_xgb,9,0
2022-05,0.4784814119338989,rubber,clf_xgb,9,0
2022-06,0.43513962626457214,rubber,clf_xgb,9,0
2022-07,0.40348708629608154,rubber,clf_xgb,9,0
2022-08,0.4473191797733307,rubber,clf_xgb,9,0
2022-09,0.49031585454940796,rubber,clf_xgb,9,1
2022-10,0.4671114683151245,rubber,clf_xgb,9,0
2022-11,0.42456284165382385,rubber,clf_xgb,9,1
2022-12,0.44530579447746277,rubber,clf_xgb,9,0
2023-01,0.4193727672100067,rubber,clf_xgb,9,0
2023-02,0.4519414007663727,rubber,clf_xgb,9,0
2023-03,0.36671894788742065,rubber,clf_xgb,9,0
2023-04,0.37433260679244995,rubber,clf_xgb,9,1
2023-05,0.4103558361530304,rubber,clf_xgb,9,1
2023-06,0.582287073135376,rubber,clf_xgb,9,1
2023-07,0.5873854756355286,rubber,clf_xgb,9,1
2023-08,0.58741295337677,rubber,clf_xgb,9,1
2023-09,0.6696688532829285,rubber,clf_xgb,9,1
2023-10,0.7592381238937378,rubber,clf_xgb,9,1
2023-11,0.8035364747047424,rubber,clf_xgb,9,1
2023-12,0.76373690366745,rubber,clf_xgb,9,1
2024-01,0.7958367466926575,rubber,clf_xgb,9,1
2024-02,0.7951185703277588,rubber,clf_xgb,9,1
2024-03,0.7870932817459106,rubber,clf_xgb,9,1
2024-04,0.8213866353034973,rubber,clf_xgb,9,1
2024-05,0.7853634357452393,rubber,clf_xgb,9,1
2024-06,0.6981684565544128,rubber,clf_xgb,9,1
2024-07,0.6856279969215393,rubber,clf_xgb,9,1
2024-08,0.7417938113212585,rubber,clf_xgb,9,1
2024-09,0.6273465156555176,rubber,clf_xgb,9,0
2024-10,0.6116822361946106,rubber,clf_xgb,9,0
2024-11,0.7022099494934082,rubber,clf_xgb,9,0
2024-12,0.677966296672821,rubber,clf_xgb,9,0
2025-01,0.6251835823059082,rubber,clf_xgb,9,0
2025-02,0.5433291792869568,rubber,clf_xgb,9,0
2025-03,0.5016435384750366,rubber,clf_xgb,9,0
