commodity,scenario,severity,horizon_months,threshold,prob_exceed
cotton,baseline,0.0,3,0.05,0.296
cotton,baseline,0.0,3,0.1,0.13
cotton,baseline,0.0,3,0.15,0.0481
cotton,baseline,0.0,3,0.2,0.0179
cotton,baseline,0.0,6,0.05,0.3748
cotton,baseline,0.0,6,0.1,0.2271
cotton,baseline,0.0,6,0.15,0.128
cotton,baseline,0.0,6,0.2,0.0681
cotton,baseline,0.0,12,0.05,0.4352
cotton,baseline,0.0,12,0.1,0.3265
cotton,baseline,0.0,12,0.15,0.2333
cotton,baseline,0.0,12,0.2,0.1649
cotton,baseline,0.25,3,0.05,0.296
cotton,baseline,0.25,3,0.1,0.13
cotton,baseline,0.25,3,0.15,0.0481
cotton,baseline,0.25,3,0.2,0.0179
cotton,baseline,0.25,6,0.05,0.3748
cotton,baseline,0.25,6,0.1,0.2271
cotton,baseline,0.25,6,0.15,0.128
cotton,baseline,0.25,6,0.2,0.0681
cotton,baseline,0.25,12,0.05,0.4352
cotton,baseline,0.25,12,0.1,0.3265
cotton,baseline,0.25,12,0.15,0.2333
cotton,baseline,0.25,12,0.2,0.1649
cotton,baseline,0.5,3,0.05,0.296
cotton,baseline,0.5,3,0.1,0.13
cotton,baseline,0.5,3,0.15,0.0481
cotton,baseline,0.5,3,0.2,0.0179
cotton,baseline,0.5,6,0.05,0.3748
cotton,baseline,0.5,6,0.1,0.2271
cotton,baseline,0.5,6,0.15,0.128
cotton,baseline,0.5,6,0.2,0.0681
cotton,baseline,0.5,12,0.05,0.4352
cotton,baseline,0.5,12,0.1,0.3265
cotton,baseline,0.5,12,0.15,0.2333
cotton,baseline,0.5,12,0.2,0.1649
cotton,baseline,0.75,3,0.05,0.296
cotton,baseline,0.75,3,0.1,0.13
cotton,baseline,0.75,3,0.15,0.0481
cotton,baseline,0.75,3,0.2,0.0179
cotton,baseline,0.75,6,0.05,0.3748
cotton,baseline,0.75,6,0.1,0.2271
cotton,baseline,0.75,6,0.15,0.128
cotton,baseline,0.75,6,0.2,0.0681
cotton,baseline,0.75,12,0.05,0.4352
cotton,baseline,0.75,12,0.1,0.3265
cotton,baseline,0.75,12,0.15,0.2333
cotton,baseline,0.75,12,0.2,0.1649
cotton,baseline,1.0,3,0.05,0.296
cotton,baseline,1.0,3,0.1,0.13
cotton,baseline,1.0,3,0.15,0.0481
cotton,baseline,1.0,3,0.2,0.0179
cotton,baseline,1.0,6,0.05,0.3748
cotton,baseline,1.0,6,0.1,0.2271
cotton,baseline,1.0,6,0.15,0.128
cotton,baseline,1.0,6,0.2,0.0681
cotton,baseline,1.0,12,0.05,0.4352
cotton,baseline,1.0,12,0.1,0.3265
cotton,baseline,1.0,12,0.15,0.2333
cotton,baseline,1.0,12,0.2,0.1649
cotton,baseline,1.25,3,0.05,0.296
cotton,baseline,1.25,3,0.1,0.13
cotton,baseline,1.25,3,0.15,0.0481
cotton,baseline,1.25,3,0.2,0.0179
cotton,baseline,1.25,6,0.05,0.3748
cotton,baseline,1.25,6,0.1,0.2271
cotton,baseline,1.25,6,0.15,0.128
cotton,baseline,1.25,6,0.2,0.0681
cotton,baseline,1.25,12,0.05,0.4352
cotton,baseline,1.25,12,0.1,0.3265
cotton,baseline,1.25,12,0.15,0.2333
cotton,baseline,1.25,12,0.2,0.1649
cotton,baseline,1.5,3,0.05,0.296
cotton,baseline,1.5,3,0.1,0.13
cotton,baseline,1.5,3,0.15,0.0481
cotton,baseline,1.5,3,0.2,0.0179
cotton,baseline,1.5,6,0.05,0.3748
cotton,baseline,1.5,6,0.1,0.2271
cotton,baseline,1.5,6,0.15,0.128
cotton,baseline,1.5,6,0.2,0.0681
cotton,baseline,1.5,12,0.05,0.4352
cotton,baseline,1.5,12,0.1,0.3265
cotton,baseline,1.5,12,0.15,0.2333
cotton,baseline,1.5,12,0.2,0.1649
cotton,baseline,1.75,3,0.05,0.296
cotton,baseline,1.75,3,0.1,0.13
cotton,baseline,1.75,3,0.15,0.0481
cotton,baseline,1.75,3,0.2,0.0179
cotton,baseline,1.75,6,0.05,0.3748
cotton,baseline,1.75,6,0.1,0.2271
cotton,baseline,1.75,6,0.15,0.128
cotton,baseline,1.75,6,0.2,0.0681
cotton,baseline,1.75,12,0.05,0.4352
cotton,baseline,1.75,12,0.1,0.3265
cotton,baseline,1.75,12,0.15,0.2333
cotton,baseline,1.75,12,0.2,0.1649
cotton,baseline,2.0,3,0.05,0.296
cotton,baseline,2.0,3,0.1,0.13
cotton,baseline,2.0,3,0.15,0.0481
cotton,baseline,2.0,3,0.2,0.0179
cotton,baseline,2.0,6,0.05,0.3748
cotton,baseline,2.0,6,0.1,0.2271
cotton,baseline,2.0,6,0.15,0.128
cotton,baseline,2.0,6,0.2,0.0681
cotton,baseline,2.0,12,0.05,0.4352
cotton,baseline,2.0,12,0.1,0.3265
cotton,baseline,2.0,12,0.15,0.2333
cotton,baseline,2.0,12,0.2,0.1649
cotton,el_nino,0.0,3,0.05,0.296
cotton,el_nino,0.0,3,0.1,0.13
cotton,el_nino,0.0,3,0.15,0.0481
cotton,el_nino,0.0,3,0.2,0.0179
cotton,el_nino,0.0,6,0.05,0.3748
cotton,el_nino,0.0,6,0.1,0.2271
cotton,el_nino,0.0,6,0.15,0.128
cotton,el_nino,0.0,6,0.2,0.0681
cotton,el_nino,0.0,12,0.05,0.4352
cotton,el_nino,0.0,12,0.1,0.3265
cotton,el_nino,0.0,12,0.15,0.2333
cotton,el_nino,0.0,12,0.2,0.1649
cotton,el_nino,0.25,3,0.05,0.2642
cotton,el_nino,0.25,3,0.1,0.1115
cotton,el_nino,0.25,3,0.15,0.0404
cotton,el_nino,0.25,3,0.2,0.0147
cotton,el_nino,0.25,6,0.05,0.3271
cotton,el_nino,0.25,6,0.1,0.1882
cotton,el_nino,0.25,6,0.15,0.1043
cotton,el_nino,0.25,6,0.2,0.052
cotton,el_nino,0.25,12,0.05,0.3636
cotton,el_nino,0.25,12,0.1,0.2622
cotton,el_nino,0.25,12,0.15,0.1855
cotton,el_nino,0.25,12,0.2,0.1234
cotton,el_nino,0.5,3,0.05,0.2338
cotton,el_nino,0.5,3,0.1,0.0966
cotton,el_nino,0.5,3,0.15,0.0337
cotton,el_nino,0.5,3,0.2,0.012
cotton,el_nino,0.5,6,0.05,0.2762
cotton,el_nino,0.5,6,0.1,0.1561
cotton,el_nino,0.5,6,0.15,0.0827
cotton,el_nino,0.5,6,0.2,0.0399
cotton,el_nino,0.5,12,0.05,0.2971
cotton,el_nino,0.5,12,0.1,0.208
cotton,el_nino,0.5,12,0.15,0.1378
cotton,el_nino,0.5,12,0.2,0.0889
cotton,el_nino,0.75,3,0.05,0.2058
cotton,el_nino,0.75,3,0.1,0.0812
cotton,el_nino,0.75,3,0.15,0.0289
cotton,el_nino,0.75,3,0.2,0.0089
cotton,el_nino,0.75,6,0.05,0.2313
cotton,el_nino,0.75,6,0.1,0.1274
cotton,el_nino,0.75,6,0.15,0.065
cotton,el_nino,0.75,6,0.2,0.03
cotton,el_nino,0.75,12,0.05,0.235
cotton,el_nino,0.75,12,0.1,0.161
cotton,el_nino,0.75,12,0.15,0.1027
cotton,el_nino,0.75,12,0.2,0.0626
cotton,el_nino,1.0,3,0.05,0.1796
cotton,el_nino,1.0,3,0.1,0.0691
cotton,el_nino,1.0,3,0.15,0.0238
cotton,el_nino,1.0,3,0.2,0.0074
cotton,el_nino,1.0,6,0.05,0.1918
cotton,el_nino,1.0,6,0.1,0.1039
cotton,el_nino,1.0,6,0.15,0.0506
cotton,el_nino,1.0,6,0.2,0.0221
cotton,el_nino,1.0,12,0.05,0.1867
cotton,el_nino,1.0,12,0.1,0.1195
cotton,el_nino,1.0,12,0.15,0.0732
cotton,el_nino,1.0,12,0.2,0.043
cotton,el_nino,1.25,3,0.05,0.1572
cotton,el_nino,1.25,3,0.1,0.0577
cotton,el_nino,1.25,3,0.15,0.0202
cotton,el_nino,1.25,3,0.2,0.006
cotton,el_nino,1.25,6,0.05,0.1592
cotton,el_nino,1.25,6,0.1,0.0821
cotton,el_nino,1.25,6,0.15,0.0383
cotton,el_nino,1.25,6,0.2,0.0159
cotton,el_nino,1.25,12,0.05,0.1399
cotton,el_nino,1.25,12,0.1,0.0861
cotton,el_nino,1.25,12,0.15,0.0513
cotton,el_nino,1.25,12,0.2,0.0292
cotton,el_nino,1.5,3,0.05,0.1345
cotton,el_nino,1.5,3,0.1,0.0476
cotton,el_nino,1.5,3,0.15,0.017
cotton,el_nino,1.5,3,0.2,0.0048
cotton,el_nino,1.5,6,0.05,0.1297
cotton,el_nino,1.5,6,0.1,0.0647
cotton,el_nino,1.5,6,0.15,0.0286
cotton,el_nino,1.5,6,0.2,0.0111
cotton,el_nino,1.5,12,0.05,0.1038
cotton,el_nino,1.5,12,0.1,0.0608
cotton,el_nino,1.5,12,0.15,0.035
cotton,el_nino,1.5,12,0.2,0.0184
cotton,el_nino,1.75,3,0.05,0.1146
cotton,el_nino,1.75,3,0.1,0.0402
cotton,el_nino,1.75,3,0.15,0.0136
cotton,el_nino,1.75,3,0.2,0.0037
cotton,el_nino,1.75,6,0.05,0.1049
cotton,el_nino,1.75,6,0.1,0.0501
cotton,el_nino,1.75,6,0.15,0.0213
cotton,el_nino,1.75,6,0.2,0.0086
cotton,el_nino,1.75,12,0.05,0.0738
cotton,el_nino,1.75,12,0.1,0.0419
cotton,el_nino,1.75,12,0.15,0.0225
cotton,el_nino,1.75,12,0.2,0.0123
cotton,el_nino,2.0,3,0.05,0.0992
cotton,el_nino,2.0,3,0.1,0.0334
cotton,el_nino,2.0,3,0.15,0.0111
cotton,el_nino,2.0,3,0.2,0.0029
cotton,el_nino,2.0,6,0.05,0.0835
cotton,el_nino,2.0,6,0.1,0.0379
cotton,el_nino,2.0,6,0.15,0.0148
cotton,el_nino,2.0,6,0.2,0.0065
cotton,el_nino,2.0,12,0.05,0.0516
cotton,el_nino,2.0,12,0.1,0.0276
cotton,el_nino,2.0,12,0.15,0.0149
cotton,el_nino,2.0,12,0.2,0.0084
cotton,drought,0.0,3,0.05,0.296
cotton,drought,0.0,3,0.1,0.13
cotton,drought,0.0,3,0.15,0.0481
cotton,drought,0.0,3,0.2,0.0179
cotton,drought,0.0,6,0.05,0.3748
cotton,drought,0.0,6,0.1,0.2271
cotton,drought,0.0,6,0.15,0.128
cotton,drought,0.0,6,0.2,0.0681
cotton,drought,0.0,12,0.05,0.4352
cotton,drought,0.0,12,0.1,0.3265
cotton,drought,0.0,12,0.15,0.2333
cotton,drought,0.0,12,0.2,0.1649
cotton,drought,0.25,3,0.05,0.2286
cotton,drought,0.25,3,0.1,0.0939
cotton,drought,0.25,3,0.15,0.0331
cotton,drought,0.25,3,0.2,0.0116
cotton,drought,0.25,6,0.05,0.2683
cotton,drought,0.25,6,0.1,0.1519
cotton,drought,0.25,6,0.15,0.0791
cotton,drought,0.25,6,0.2,0.0383
cotton,drought,0.25,12,0.05,0.2851
cotton,drought,0.25,12,0.1,0.201
cotton,drought,0.25,12,0.15,0.1316
cotton,drought,0.25,12,0.2,0.084
cotton,drought,0.5,3,0.05,0.1711
cotton,drought,0.5,3,0.1,0.0657
cotton,drought,0.5,3,0.15,0.0229
cotton,drought,0.5,3,0.2,0.007
cotton,drought,0.5,6,0.05,0.1795
cotton,drought,0.5,6,0.1,0.0976
cotton,drought,0.5,6,0.15,0.0468
cotton,drought,0.5,6,0.2,0.0201
cotton,drought,0.5,12,0.05,0.1711
cotton,drought,0.5,12,0.1,0.1073
cotton,drought,0.5,12,0.15,0.0653
cotton,drought,0.5,12,0.2,0.0389
cotton,drought,0.75,3,0.05,0.1243
cotton,drought,0.75,3,0.1,0.0438
cotton,drought,0.75,3,0.15,0.0154
cotton,drought,0.75,3,0.2,0.0043
cotton,drought,0.75,6,0.05,0.1179
cotton,drought,0.75,6,0.1,0.0568
cotton,drought,0.75,6,0.15,0.0248
cotton,drought,0.75,6,0.2,0.0102
cotton,drought,0.75,12,0.05,0.0878
cotton,drought,0.75,12,0.1,0.0513
cotton,drought,0.75,12,0.15,0.0281
cotton,drought,0.75,12,0.2,0.0153
cotton,drought,1.0,3,0.05,0.0885
cotton,drought,1.0,3,0.1,0.0307
cotton,drought,1.0,3,0.15,0.0089
cotton,drought,1.0,3,0.2,0.0026
cotton,drought,1.0,6,0.05,0.0722
cotton,drought,1.0,6,0.1,0.0313
cotton,drought,1.0,6,0.15,0.0125
cotton,drought,1.0,6,0.2,0.005
cotton,drought,1.0,12,0.05,0.0402
cotton,drought,1.0,12,0.1,0.021
cotton,drought,1.0,12,0.15,0.0113
cotton,drought,1.0,12,0.2,0.0057
cotton,drought,1.25,3,0.05,0.0621
cotton,drought,1.25,3,0.1,0.0205
cotton,drought,1.25,3,0.15,0.006
cotton,drought,1.25,3,0.2,0.0017
cotton,drought,1.25,6,0.05,0.0413
cotton,drought,1.25,6,0.1,0.0159
cotton,drought,1.25,6,0.15,0.0065
cotton,drought,1.25,6,0.2,0.0024
cotton,drought,1.25,12,0.05,0.0158
cotton,drought,1.25,12,0.1,0.0087
cotton,drought,1.25,12,0.15,0.0038
cotton,drought,1.25,12,0.2,0.0023
cotton,drought,1.5,3,0.05,0.0413
cotton,drought,1.5,3,0.1,0.0136
cotton,drought,1.5,3,0.15,0.0036
cotton,drought,1.5,3,0.2,0.001
cotton,drought,1.5,6,0.05,0.0216
cotton,drought,1.5,6,0.1,0.008
cotton,drought,1.5,6,0.15,0.003
cotton,drought,1.5,6,0.2,0.0013
cotton,drought,1.5,12,0.05,0.006
cotton,drought,1.5,12,0.1,0.0029
cotton,drought,1.5,12,0.15,0.0014
cotton,drought,1.5,12,0.2,0.0006
cotton,drought,1.75,3,0.05,0.0289
cotton,drought,1.75,3,0.1,0.0082
cotton,drought,1.75,3,0.15,0.0022
cotton,drought,1.75,3,0.2,0.0007
cotton,drought,1.75,6,0.05,0.0107
cotton,drought,1.75,6,0.1,0.0041
cotton,drought,1.75,6,0.15,0.0015
cotton,drought,1.75,6,0.2,0.0005
cotton,drought,1.75,12,0.05,0.0024
cotton,drought,1.75,12,0.1,0.001
cotton,drought,1.75,12,0.15,0.0004
cotton,drought,1.75,12,0.2,0.0001
cotton,drought,2.0,3,0.05,0.0197
cotton,drought,2.0,3,0.1,0.0054
cotton,drought,2.0,3,0.15,0.0013
cotton,drought,2.0,3,0.2,0.0002
cotton,drought,2.0,6,0.05,0.0058
cotton,drought,2.0,6,0.1,0.0019
cotton,drought,2.0,6,0.15,0.0006
cotton,drought,2.0,6,0.2,0.0002
cotton,drought,2.0,12,0.05,0.0006
cotton,drought,2.0,12,0.1,0.0001
cotton,drought,2.0,12,0.15,0.0001
cotton,drought,2.0,12,0.2,0.0
cotton,flood,0.0,3,0.05,0.296
cotton,flood,0.0,3,0.1,0.13
cotton,flood,0.0,3,0.15,0.0481
cotton,flood,0.0,3,0.2,0.0179
cotton,flood,0.0,6,0.05,0.3748
cotton,flood,0.0,6,0.1,0.2271
cotton,flood,0.0,6,0.15,0.128
cotton,flood,0.0,6,0.2,0.0681
cotton,flood,0.0,12,0.05,0.4352
cotton,flood,0.0,12,0.1,0.3265
cotton,flood,0.0,12,0.15,0.2333
cotton,flood,0.0,12,0.2,0.1649
cotton,flood,0.25,3,0.05,0.3464
cotton,flood,0.25,3,0.1,0.1646
cotton,flood,0.25,3,0.15,0.0647
cotton,flood,0.25,3,0.2,0.0233
cotton,flood,0.25,6,0.05,0.4578
cotton,flood,0.25,6,0.1,0.297
cotton,flood,0.25,6,0.15,0.1736
cotton,flood,0.25,6,0.2,0.0986
cotton,flood,0.25,12,0.05,0.5476
cotton,flood,0.25,12,0.1,0.4352
cotton,flood,0.25,12,0.15,0.3307
cotton,flood,0.25,12,0.2,0.2409
cotton,flood,0.5,3,0.05,0.4029
cotton,flood,0.5,3,0.1,0.2028
cotton,flood,0.5,3,0.15,0.0833
cotton,flood,0.5,3,0.2,0.0312
cotton,flood,0.5,6,0.05,0.5399
cotton,flood,0.5,6,0.1,0.3748
cotton,flood,0.5,6,0.15,0.2336
cotton,flood,0.5,6,0.2,0.1349
cotton,flood,0.5,12,0.05,0.6562
cotton,flood,0.5,12,0.1,0.5478
cotton,flood,0.5,12,0.15,0.441
cotton,flood,0.5,12,0.2,0.3405
cotton,flood,0.75,3,0.05,0.4643
cotton,flood,0.75,3,0.1,0.2464
cotton,flood,0.75,3,0.15,0.1076
cotton,flood,0.75,3,0.2,0.0404
cotton,flood,0.75,6,0.05,0.6176
cotton,flood,0.75,6,0.1,0.4578
cotton,flood,0.75,6,0.15,0.3036
cotton,flood,0.75,6,0.2,0.1824
cotton,flood,0.75,12,0.05,0.7481
cotton,flood,0.75,12,0.1,0.6563
cotton,flood,0.75,12,0.15,0.5544
cotton,flood,0.75,12,0.2,0.4495
cotton,flood,1.0,3,0.05,0.5275
cotton,flood,1.0,3,0.1,0.2961
cotton,flood,1.0,3,0.15,0.1361
cotton,flood,1.0,3,0.2,0.054
cotton,flood,1.0,6,0.05,0.6905
cotton,flood,1.0,6,0.1,0.5399
cotton,flood,1.0,6,0.15,0.3801
cotton,flood,1.0,6,0.2,0.2446
cotton,flood,1.0,12,0.05,0.829
cotton,flood,1.0,12,0.1,0.7482
cotton,flood,1.0,12,0.15,0.6605
cotton,flood,1.0,12,0.2,0.5632
cotton,flood,1.25,3,0.05,0.5906
cotton,flood,1.25,3,0.1,0.3466
cotton,flood,1.25,3,0.15,0.1705
cotton,flood,1.25,3,0.2,0.0714
cotton,flood,1.25,6,0.05,0.7545
cotton,flood,1.25,6,0.1,0.6178
cotton,flood,1.25,6,0.15,0.4644
cotton,flood,1.25,6,0.2,0.3184
cotton,flood,1.25,12,0.05,0.8842
cotton,flood,1.25,12,0.1,0.829
cotton,flood,1.25,12,0.15,0.7524
cotton,flood,1.25,12,0.2,0.6691
cotton,flood,1.5,3,0.05,0.6505
cotton,flood,1.5,3,0.1,0.4032
cotton,flood,1.5,3,0.15,0.2113
cotton,flood,1.5,3,0.2,0.0912
cotton,flood,1.5,6,0.05,0.8108
cotton,flood,1.5,6,0.1,0.6906
cotton,flood,1.5,6,0.15,0.548
cotton,flood,1.5,6,0.2,0.395
cotton,flood,1.5,12,0.05,0.926
cotton,flood,1.5,12,0.1,0.8842
cotton,flood,1.5,12,0.15,0.8331
cotton,flood,1.5,12,0.2,0.7614
cotton,flood,1.75,3,0.05,0.6982
cotton,flood,1.75,3,0.1,0.4644
cotton,flood,1.75,3,0.15,0.2556
cotton,flood,1.75,3,0.2,0.1156
cotton,flood,1.75,6,0.05,0.8573
cotton,flood,1.75,6,0.1,0.7546
cotton,flood,1.75,6,0.15,0.6245
cotton,flood,1.75,6,0.2,0.4799
cotton,flood,1.75,12,0.05,0.9543
cotton,flood,1.75,12,0.1,0.9261
cotton,flood,1.75,12,0.15,0.8858
cotton,flood,1.75,12,0.2,0.8372
cotton,flood,2.0,3,0.05,0.7474
cotton,flood,2.0,3,0.1,0.528
cotton,flood,2.0,3,0.15,0.305
cotton,flood,2.0,3,0.2,0.1492
cotton,flood,2.0,6,0.05,0.8934
cotton,flood,2.0,6,0.1,0.8109
cotton,flood,2.0,6,0.15,0.697
cotton,flood,2.0,6,0.2,0.5624
cotton,flood,2.0,12,0.05,0.9744
cotton,flood,2.0,12,0.1,0.9543
cotton,flood,2.0,12,0.15,0.9289
cotton,flood,2.0,12,0.2,0.8893
rubber,baseline,0.0,3,0.05,0.3943
rubber,baseline,0.0,3,0.1,0.2587
rubber,baseline,0.0,3,0.15,0.1533
rubber,baseline,0.0,3,0.2,0.0838
rubber,baseline,0.0,6,0.05,0.4438
rubber,baseline,0.0,6,0.1,0.3449
rubber,baseline,0.0,6,0.15,0.2606
rubber,baseline,0.0,6,0.2,0.1876
rubber,baseline,0.0,12,0.05,0.4937
rubber,baseline,0.0,12,0.1,0.4194
rubber,baseline,0.0,12,0.15,0.3526
rubber,baseline,0.0,12,0.2,0.2905
rubber,baseline,0.25,3,0.05,0.3943
rubber,baseline,0.25,3,0.1,0.2587
rubber,baseline,0.25,3,0.15,0.1533
rubber,baseline,0.25,3,0.2,0.0838
rubber,baseline,0.25,6,0.05,0.4438
rubber,baseline,0.25,6,0.1,0.3449
rubber,baseline,0.25,6,0.15,0.2606
rubber,baseline,0.25,6,0.2,0.1876
rubber,baseline,0.25,12,0.05,0.4937
rubber,baseline,0.25,12,0.1,0.4194
rubber,baseline,0.25,12,0.15,0.3526
rubber,baseline,0.25,12,0.2,0.2905
rubber,baseline,0.5,3,0.05,0.3943
rubber,baseline,0.5,3,0.1,0.2587
rubber,baseline,0.5,3,0.15,0.1533
rubber,baseline,0.5,3,0.2,0.0838
rubber,baseline,0.5,6,0.05,0.4438
rubber,baseline,0.5,6,0.1,0.3449
rubber,baseline,0.5,6,0.15,0.2606
rubber,baseline,0.5,6,0.2,0.1876
rubber,baseline,0.5,12,0.05,0.4937
rubber,baseline,0.5,12,0.1,0.4194
rubber,baseline,0.5,12,0.15,0.3526
rubber,baseline,0.5,12,0.2,0.2905
rubber,baseline,0.75,3,0.05,0.3943
rubber,baseline,0.75,3,0.1,0.2587
rubber,baseline,0.75,3,0.15,0.1533
rubber,baseline,0.75,3,0.2,0.0838
rubber,baseline,0.75,6,0.05,0.4438
rubber,baseline,0.75,6,0.1,0.3449
rubber,baseline,0.75,6,0.15,0.2606
rubber,baseline,0.75,6,0.2,0.1876
rubber,baseline,0.75,12,0.05,0.4937
rubber,baseline,0.75,12,0.1,0.4194
rubber,baseline,0.75,12,0.15,0.3526
rubber,baseline,0.75,12,0.2,0.2905
rubber,baseline,1.0,3,0.05,0.3943
rubber,baseline,1.0,3,0.1,0.2587
rubber,baseline,1.0,3,0.15,0.1533
rubber,baseline,1.0,3,0.2,0.0838
rubber,baseline,1.0,6,0.05,0.4438
rubber,baseline,1.0,6,0.1,0.3449
rubber,baseline,1.0,6,0.15,0.2606
rubber,baseline,1.0,6,0.2,0.1876
rubber,baseline,1.0,12,0.05,0.4937
rubber,baseline,1.0,12,0.1,0.4194
rubber,baseline,1.0,12,0.15,0.3526
rubber,baseline,1.0,12,0.2,0.2905
rubber,baseline,1.25,3,0.05,0.3943
rubber,baseline,1.25,3,0.1,0.2587
rubber,baseline,1.25,3,0.15,0.1533
rubber,baseline,1.25,3,0.2,0.0838
rubber,baseline,1.25,6,0.05,0.4438
rubber,baseline,1.25,6,0.1,0.3449
rubber,baseline,1.25,6,0.15,0.2606
rubber,baseline,1.25,6,0.2,0.1876
rubber,baseline,1.25,12,0.05,0.4937
rubber,baseline,1.25,12,0.1,0.4194
rubber,baseline,1.25,12,0.15,0.3526
rubber,baseline,1.25,12,0.2,0.2905
rubber,baseline,1.5,3,0.05,0.3943
rubber,baseline,1.5,3,0.1,0.2587
rubber,baseline,1.5,3,0.15,0.1533
rubber,baseline,1.5,3,0.2,0.0838
rubber,baseline,1.5,6,0.05,0.4438
rubber,baseline,1.5,6,0.1,0.3449
rubber,baseline,1.5,6,0.15,0.2606
rubber,baseline,1.5,6,0.2,0.1876
rubber,baseline,1.5,12,0.05,0.4937
rubber,baseline,1.5,12,0.1,0.4194
rubber,baseline,1.5,12,0.15,0.3526
rubber,baseline,1.5,12,0.2,0.2905
rubber,baseline,1.75,3,0.05,0.3943
rubber,baseline,1.75,3,0.1,0.2587
rubber,baseline,1.75,3,0.15,0.1533
rubber,baseline,1.75,3,0.2,0.0838
rubber,baseline,1.75,6,0.05,0.4438
rubber,baseline,1.75,6,0.1,0.3449
rubber,baseline,1.75,6,0.15,0.2606
rubber,baseline,1.75,6,0.2,0.1876
rubber,baseline,1.75,12,0.05,0.4937
rubber,baseline,1.75,12,0.1,0.4194
rubber,baseline,1.75,12,0.15,0.3526
rubber,baseline,1.75,12,0.2,0.2905
rubber,baseline,2.0,3,0.05,0.3943
rubber,baseline,2.0,3,0.1,0.2587
rubber,baseline,2.0,3,0.15,0.1533
rubber,baseline,2.0,3,0.2,0.0838
rubber,baseline,2.0,6,0.05,0.4438
rubber,baseline,2.0,6,0.1,0.3449
rubber,baseline,2.0,6,0.15,0.2606
rubber,baseline,2.0,6,0.2,0.1876
rubber,baseline,2.0,12,0.05,0.4937
rubber,baseline,2.0,12,0.1,0.4194
rubber,baseline,2.0,12,0.15,0.3526
rubber,baseline,2.0,12,0.2,0.2905
rubber,el_nino,0.0,3,0.05,0.3943
rubber,el_nino,0.0,3,0.1,0.2587
rubber,el_nino,0.0,3,0.15,0.1533
rubber,el_nino,0.0,3,0.2,0.0838
rubber,el_nino,0.0,6,0.05,0.4438
rubber,el_nino,0.0,6,0.1,0.3449
rubber,el_nino,0.0,6,0.15,0.2606
rubber,el_nino,0.0,6,0.2,0.1876
rubber,el_nino,0.0,12,0.05,0.4937
rubber,el_nino,0.0,12,0.1,0.4194
rubber,el_nino,0.0,12,0.15,0.3526
rubber,el_nino,0.0,12,0.2,0.2905
rubber,el_nino,0.25,3,0.05,0.465
rubber,el_nino,0.25,3,0.1,0.313
rubber,el_nino,0.25,3,0.15,0.1965
rubber,el_nino,0.25,3,0.2,0.1127
rubber,el_nino,0.25,6,0.05,0.5371
rubber,el_nino,0.25,6,0.1,0.4285
rubber,el_nino,0.25,6,0.15,0.3344
rubber,el_nino,0.25,6,0.2,0.2541
rubber,el_nino,0.25,12,0.05,0.6189
rubber,el_nino,0.25,12,0.1,0.5431
rubber,el_nino,0.25,12,0.15,0.4735
rubber,el_nino,0.25,12,0.2,0.4092
rubber,el_nino,0.5,3,0.05,0.53
rubber,el_nino,0.5,3,0.1,0.3732
rubber,el_nino,0.5,3,0.15,0.245
rubber,el_nino,0.5,3,0.2,0.1468
rubber,el_nino,0.5,6,0.05,0.627
rubber,el_nino,0.5,6,0.1,0.5207
rubber,el_nino,0.5,6,0.15,0.4158
rubber,el_nino,0.5,6,0.2,0.3291
rubber,el_nino,0.5,12,0.05,0.7291
rubber,el_nino,0.5,12,0.1,0.6659
rubber,el_nino,0.5,12,0.15,0.6015
rubber,el_nino,0.5,12,0.2,0.5317
rubber,el_nino,0.75,3,0.05,0.5886
rubber,el_nino,0.75,3,0.1,0.4385
rubber,el_nino,0.75,3,0.15,0.2993
rubber,el_nino,0.75,3,0.2,0.1885
rubber,el_nino,0.75,6,0.05,0.7038
rubber,el_nino,0.75,6,0.1,0.6107
rubber,el_nino,0.75,6,0.15,0.508
rubber,el_nino,0.75,6,0.2,0.4097
rubber,el_nino,0.75,12,0.05,0.821
rubber,el_nino,0.75,12,0.1,0.7678
rubber,el_nino,0.75,12,0.15,0.7122
rubber,el_nino,0.75,12,0.2,0.6548
rubber,el_nino,1.0,3,0.05,0.6484
rubber,el_nino,1.0,3,0.1,0.506
rubber,el_nino,1.0,3,0.15,0.3604
rubber,el_nino,1.0,3,0.2,0.236
rubber,el_nino,1.0,6,0.05,0.7747
rubber,el_nino,1.0,6,0.1,0.6904
rubber,el_nino,1.0,6,0.15,0.6003
rubber,el_nino,1.0,6,0.2,0.5007
rubber,el_nino,1.0,12,0.05,0.8857
rubber,el_nino,1.0,12,0.1,0.8513
rubber,el_nino,1.0,12,0.15,0.807
rubber,el_nino,1.0,12,0.2,0.7573
rubber,el_nino,1.25,3,0.05,0.7046
rubber,el_nino,1.25,3,0.1,0.5677
rubber,el_nino,1.25,3,0.15,0.4204
rubber,el_nino,1.25,3,0.2,0.2907
rubber,el_nino,1.25,6,0.05,0.8333
rubber,el_nino,1.25,6,0.1,0.7641
rubber,el_nino,1.25,6,0.15,0.6814
rubber,el_nino,1.25,6,0.2,0.593
rubber,el_nino,1.25,12,0.05,0.932
rubber,el_nino,1.25,12,0.1,0.9044
rubber,el_nino,1.25,12,0.15,0.8782
rubber,el_nino,1.25,12,0.2,0.8451
rubber,el_nino,1.5,3,0.05,0.7558
rubber,el_nino,1.5,3,0.1,0.6278
rubber,el_nino,1.5,3,0.15,0.4894
rubber,el_nino,1.5,3,0.2,0.3498
rubber,el_nino,1.5,6,0.05,0.8757
rubber,el_nino,1.5,6,0.1,0.8234
rubber,el_nino,1.5,6,0.15,0.7547
rubber,el_nino,1.5,6,0.2,0.6756
rubber,el_nino,1.5,12,0.05,0.9613
rubber,el_nino,1.5,12,0.1,0.9457
rubber,el_nino,1.5,12,0.15,0.926
rubber,el_nino,1.5,12,0.2,0.8996
rubber,el_nino,1.75,3,0.05,0.8005
rubber,el_nino,1.75,3,0.1,0.6849
rubber,el_nino,1.75,3,0.15,0.5535
rubber,el_nino,1.75,3,0.2,0.4094
rubber,el_nino,1.75,6,0.05,0.9096
rubber,el_nino,1.75,6,0.1,0.869
rubber,el_nino,1.75,6,0.15,0.8161
rubber,el_nino,1.75,6,0.2,0.749
rubber,el_nino,1.75,12,0.05,0.9793
rubber,el_nino,1.75,12,0.1,0.9703
rubber,el_nino,1.75,12,0.15,0.9576
rubber,el_nino,1.75,12,0.2,0.9416
rubber,el_nino,2.0,3,0.05,0.8408
rubber,el_nino,2.0,3,0.1,0.7377
rubber,el_nino,2.0,3,0.15,0.614
rubber,el_nino,2.0,3,0.2,0.4793
rubber,el_nino,2.0,6,0.05,0.9414
rubber,el_nino,2.0,6,0.1,0.9057
rubber,el_nino,2.0,6,0.15,0.8638
rubber,el_nino,2.0,6,0.2,0.8121
rubber,el_nino,2.0,12,0.05,0.9896
rubber,el_nino,2.0,12,0.1,0.9845
rubber,el_nino,2.0,12,0.15,0.9769
rubber,el_nino,2.0,12,0.2,0.9678
rubber,drought,0.0,3,0.05,0.3943
rubber,drought,0.0,3,0.1,0.2587
rubber,drought,0.0,3,0.15,0.1533
rubber,drought,0.0,3,0.2,0.0838
rubber,drought,0.0,6,0.05,0.4438
rubber,drought,0.0,6,0.1,0.3449
rubber,drought,0.0,6,0.15,0.2606
rubber,drought,0.0,6,0.2,0.1876
rubber,drought,0.0,12,0.05,0.4937
rubber,drought,0.0,12,0.1,0.4194
rubber,drought,0.0,12,0.15,0.3526
rubber,drought,0.0,12,0.2,0.2905
rubber,drought,0.25,3,0.05,0.4188
rubber,drought,0.25,3,0.1,0.2786
rubber,drought,0.25,3,0.15,0.1673
rubber,drought,0.25,3,0.2,0.0937
rubber,drought,0.25,6,0.05,0.4792
rubber,drought,0.25,6,0.1,0.3754
rubber,drought,0.25,6,0.15,0.2854
rubber,drought,0.25,6,0.2,0.2107
rubber,drought,0.25,12,0.05,0.5362
rubber,drought,0.25,12,0.1,0.4627
rubber,drought,0.25,12,0.15,0.395
rubber,drought,0.25,12,0.2,0.3317
rubber,drought,0.5,3,0.05,0.4429
rubber,drought,0.5,3,0.1,0.2975
rubber,drought,0.5,3,0.15,0.183
rubber,drought,0.5,3,0.2,0.104
rubber,drought,0.5,6,0.05,0.5087
rubber,drought,0.5,6,0.1,0.4019
rubber,drought,0.5,6,0.15,0.3099
rubber,drought,0.5,6,0.2,0.234
rubber,drought,0.5,12,0.05,0.5812
rubber,drought,0.5,12,0.1,0.5072
rubber,drought,0.5,12,0.15,0.4358
rubber,drought,0.5,12,0.2,0.372
rubber,drought,0.75,3,0.05,0.4689
rubber,drought,0.75,3,0.1,0.3164
rubber,drought,0.75,3,0.15,0.1984
rubber,drought,0.75,3,0.2,0.1142
rubber,drought,0.75,6,0.05,0.543
rubber,drought,0.75,6,0.1,0.4343
rubber,drought,0.75,6,0.15,0.3387
rubber,drought,0.75,6,0.2,0.2588
rubber,drought,0.75,12,0.05,0.626
rubber,drought,0.75,12,0.1,0.5499
rubber,drought,0.75,12,0.15,0.4814
rubber,drought,0.75,12,0.2,0.4148
rubber,drought,1.0,3,0.05,0.4916
rubber,drought,1.0,3,0.1,0.3377
rubber,drought,1.0,3,0.15,0.2146
rubber,drought,1.0,3,0.2,0.1246
rubber,drought,1.0,6,0.05,0.5747
rubber,drought,1.0,6,0.1,0.4665
rubber,drought,1.0,6,0.15,0.3688
rubber,drought,1.0,6,0.2,0.2841
rubber,drought,1.0,12,0.05,0.6658
rubber,drought,1.0,12,0.1,0.5976
rubber,drought,1.0,12,0.15,0.5245
rubber,drought,1.0,12,0.2,0.4559
rubber,drought,1.25,3,0.05,0.5139
rubber,drought,1.25,3,0.1,0.3612
rubber,drought,1.25,3,0.15,0.2316
rubber,drought,1.25,3,0.2,0.1376
rubber,drought,1.25,6,0.05,0.6068
rubber,drought,1.25,6,0.1,0.4971
rubber,drought,1.25,6,0.15,0.3972
rubber,drought,1.25,6,0.2,0.3083
rubber,drought,1.25,12,0.05,0.7039
rubber,drought,1.25,12,0.1,0.6401
rubber,drought,1.25,12,0.15,0.5694
rubber,drought,1.25,12,0.2,0.5013
rubber,drought,1.5,3,0.05,0.5373
rubber,drought,1.5,3,0.1,0.3794
rubber,drought,1.5,3,0.15,0.251
rubber,drought,1.5,3,0.2,0.1517
rubber,drought,1.5,6,0.05,0.6358
rubber,drought,1.5,6,0.1,0.5317
rubber,drought,1.5,6,0.15,0.4269
rubber,drought,1.5,6,0.2,0.3368
rubber,drought,1.5,12,0.05,0.7391
rubber,drought,1.5,12,0.1,0.6784
rubber,drought,1.5,12,0.15,0.6146
rubber,drought,1.5,12,0.2,0.5443
rubber,drought,1.75,3,0.05,0.5584
rubber,drought,1.75,3,0.1,0.4015
rubber,drought,1.75,3,0.15,0.2701
rubber,drought,1.75,3,0.2,0.1655
rubber,drought,1.75,6,0.05,0.665
rubber,drought,1.75,6,0.1,0.5638
rubber,drought,1.75,6,0.15,0.4599
rubber,drought,1.75,6,0.2,0.3663
rubber,drought,1.75,12,0.05,0.7719
rubber,drought,1.75,12,0.1,0.7158
rubber,drought,1.75,12,0.15,0.6551
rubber,drought,1.75,12,0.2,0.5903
rubber,drought,2.0,3,0.05,0.578
rubber,drought,2.0,3,0.1,0.4247
rubber,drought,2.0,3,0.15,0.2895
rubber,drought,2.0,3,0.2,0.1806
rubber,drought,2.0,6,0.05,0.6902
rubber,drought,2.0,6,0.1,0.5945
rubber,drought,2.0,6,0.15,0.4916
rubber,drought,2.0,6,0.2,0.3955
rubber,drought,2.0,12,0.05,0.8042
rubber,drought,2.0,12,0.1,0.7494
rubber,drought,2.0,12,0.15,0.6932
rubber,drought,2.0,12,0.2,0.6347
rubber,flood,0.0,3,0.05,0.3943
rubber,flood,0.0,3,0.1,0.2587
rubber,flood,0.0,3,0.15,0.1533
rubber,flood,0.0,3,0.2,0.0838
rubber,flood,0.0,6,0.05,0.4438
rubber,flood,0.0,6,0.1,0.3449
rubber,flood,0.0,6,0.15,0.2606
rubber,flood,0.0,6,0.2,0.1876
rubber,flood,0.0,12,0.05,0.4937
rubber,flood,0.0,12,0.1,0.4194
rubber,flood,0.0,12,0.15,0.3526
rubber,flood,0.0,12,0.2,0.2905
rubber,flood,0.25,3,0.05,0.3547
rubber,flood,0.25,3,0.1,0.2219
rubber,flood,0.25,3,0.15,0.1264
rubber,flood,0.25,3,0.2,0.0678
rubber,flood,0.25,6,0.05,0.386
rubber,flood,0.25,6,0.1,0.2918
rubber,flood,0.25,6,0.15,0.2129
rubber,flood,0.25,6,0.2,0.1499
rubber,flood,0.25,12,0.05,0.41
rubber,flood,0.25,12,0.1,0.3382
rubber,flood,0.25,12,0.15,0.2761
rubber,flood,0.25,12,0.2,0.227
rubber,flood,0.5,3,0.05,0.3122
rubber,flood,0.5,3,0.1,0.1905
rubber,flood,0.5,3,0.15,0.1063
rubber,flood,0.5,3,0.2,0.0553
rubber,flood,0.5,6,0.05,0.33
rubber,flood,0.5,6,0.1,0.2423
rubber,flood,0.5,6,0.15,0.1707
rubber,flood,0.5,6,0.2,0.1183
rubber,flood,0.5,12,0.05,0.3268
rubber,flood,0.5,12,0.1,0.2639
rubber,flood,0.5,12,0.15,0.2118
rubber,flood,0.5,12,0.2,0.1662
rubber,flood,0.75,3,0.05,0.2745
rubber,flood,0.75,3,0.1,0.1614
rubber,flood,0.75,3,0.15,0.0873
rubber,flood,0.75,3,0.2,0.045
rubber,flood,0.75,6,0.05,0.2778
rubber,flood,0.75,6,0.1,0.1967
rubber,flood,0.75,6,0.15,0.1351
rubber,flood,0.75,6,0.2,0.0912
rubber,flood,0.75,12,0.05,0.2549
rubber,flood,0.75,12,0.1,0.201
rubber,flood,0.75,12,0.15,0.1544
rubber,flood,0.75,12,0.2,0.118
rubber,flood,1.0,3,0.05,0.2371
rubber,flood,1.0,3,0.1,0.1332
rubber,flood,1.0,3,0.15,0.0694
rubber,flood,1.0,3,0.2,0.035
rubber,flood,1.0,6,0.05,0.2293
rubber,flood,1.0,6,0.1,0.158
rubber,flood,1.0,6,0.15,0.1051
rubber,flood,1.0,6,0.2,0.0664
rubber,flood,1.0,12,0.05,0.1923
rubber,flood,1.0,12,0.1,0.1467
rubber,flood,1.0,12,0.15,0.1091
rubber,flood,1.0,12,0.2,0.0808
rubber,flood,1.25,3,0.05,0.2027
rubber,flood,1.25,3,0.1,0.1111
rubber,flood,1.25,3,0.15,0.0574
rubber,flood,1.25,3,0.2,0.028
rubber,flood,1.25,6,0.05,0.184
rubber,flood,1.25,6,0.1,0.1243
rubber,flood,1.25,6,0.15,0.0819
rubber,flood,1.25,6,0.2,0.0478
rubber,flood,1.25,12,0.05,0.1396
rubber,flood,1.25,12,0.1,0.1033
rubber,flood,1.25,12,0.15,0.0743
rubber,flood,1.25,12,0.2,0.0539
rubber,flood,1.5,3,0.05,0.1735
rubber,flood,1.5,3,0.1,0.0918
rubber,flood,1.5,3,0.15,0.0462
rubber,flood,1.5,3,0.2,0.0232
rubber,flood,1.5,6,0.05,0.1466
rubber,flood,1.5,6,0.1,0.0959
rubber,flood,1.5,6,0.15,0.0574
rubber,flood,1.5,6,0.2,0.0347
rubber,flood,1.5,12,0.05,0.0981
rubber,flood,1.5,12,0.1,0.0691
rubber,flood,1.5,12,0.15,0.0491
rubber,flood,1.5,12,0.2,0.0346
rubber,flood,1.75,3,0.05,0.1443
rubber,flood,1.75,3,0.1,0.0736
rubber,flood,1.75,3,0.15,0.0363
rubber,flood,1.75,3,0.2,0.0186
rubber,flood,1.75,6,0.05,0.1158
rubber,flood,1.75,6,0.1,0.0729
rubber,flood,1.75,6,0.15,0.042
rubber,flood,1.75,6,0.2,0.0253
rubber,flood,1.75,12,0.05,0.0648
rubber,flood,1.75,12,0.1,0.0451
rubber,flood,1.75,12,0.15,0.0321
rubber,flood,1.75,12,0.2,0.0212
rubber,flood,2.0,3,0.05,0.12
rubber,flood,2.0,3,0.1,0.0601
rubber,flood,2.0,3,0.15,0.029
rubber,flood,2.0,3,0.2,0.0142
rubber,flood,2.0,6,0.05,0.09
rubber,flood,2.0,6,0.1,0.0519
rubber,flood,2.0,6,0.15,0.03
rubber,flood,2.0,6,0.2,0.0174
rubber,flood,2.0,12,0.05,0.0422
rubber,flood,2.0,12,0.1,0.0293
rubber,flood,2.0,12,0.15,0.0191
rubber,flood,2.0,12,0.2,0.0122
